-- phpMyAdmin SQL Dump
-- version 5.2.1
-- https://www.phpmyadmin.net/
--
-- Host: 127.0.0.1
-- Generation Time: Feb 20, 2025 at 04:01 PM
-- Wersja serwera: 10.4.32-MariaDB
-- Wersja PHP: 8.2.12

SET SQL_MODE = "NO_AUTO_VALUE_ON_ZERO";
START TRANSACTION;
SET time_zone = "+00:00";


/*!40101 SET @OLD_CHARACTER_SET_CLIENT=@@CHARACTER_SET_CLIENT */;
/*!40101 SET @OLD_CHARACTER_SET_RESULTS=@@CHARACTER_SET_RESULTS */;
/*!40101 SET @OLD_COLLATION_CONNECTION=@@COLLATION_CONNECTION */;
/*!40101 SET NAMES utf8mb4 */;

--
-- Database: `shopping_dashboard`
--

-- --------------------------------------------------------

--
-- Struktura tabeli dla tabeli `product`
--

CREATE TABLE `product` (
  `product_id` bigint(20) NOT NULL,
  `brand` varchar(255) DEFAULT NULL,
  `product_name` varchar(255) NOT NULL,
  `weight` double DEFAULT NULL
) ENGINE=InnoDB DEFAULT CHARSET=utf8mb4 COLLATE=utf8mb4_general_ci;

--
-- Dumping data for table `product`
--

INSERT INTO `product` (`product_id`, `brand`, `product_name`, `weight`) VALUES
(1, 'Bielmar', 'Margaryna palma', 0.4),
(2, 'Cola Co', 'Coca Cola', 1),
(3, 'Piekarnia  mis', 'Chleb', 0.6),
(4, 'Nestle', 'Snickers', 0.4),
(5, 'Kryniczanka', 'Woda mineralna gazowana', 1.5),
(6, 'Nestle', 'Musli', 5.5),
(7, 'Owoce', 'Gruszka', 1),
(8, 'Danone', 'jogurt gratka', 120),
(9, 'nestle', 'kawa nescafe', 120),
(11, 'juice', 'sok kubuś', 120);

-- --------------------------------------------------------

--
-- Struktura tabeli dla tabeli `purchase`
--

CREATE TABLE `purchase` (
  `id` bigint(20) NOT NULL,
  `price` double DEFAULT NULL,
  `product_id` bigint(20) NOT NULL,
  `shopping_list_id` bigint(20) DEFAULT NULL
) ENGINE=InnoDB DEFAULT CHARSET=utf8mb4 COLLATE=utf8mb4_general_ci;

--
-- Dumping data for table `purchase`
--

INSERT INTO `purchase` (`id`, `price`, `product_id`, `shopping_list_id`) VALUES
(1, 4.25, 1, NULL),
(2, 6.15, 2, NULL),
(3, 2.99, 3, NULL),
(6, 2.99, 3, 2),
(7, 4.25, 1, 2),
(8, 6.15, 2, 2),
(9, 2.99, 3, 2),
(10, 3.25, 3, NULL),
(11, 1.15, 2, NULL),
(12, 2.99, 3, NULL),
(13, 8.25, 1, NULL),
(14, 6.15, 2, NULL),
(15, 1.99, 3, NULL),
(16, 5.4, 6, 4),
(17, 4.25, 1, NULL),
(18, 6.15, 2, NULL),
(19, 2.99, 3, NULL),
(20, 4.25, 1, 2),
(21, 6.15, 2, 2),
(22, 2.99, 3, 2),
(23, 4.25, 1, 2),
(24, 6.15, 2, 2),
(25, 2.99, 3, 2),
(26, 3.25, 3, NULL),
(27, 1.15, 2, NULL),
(28, 2.99, 3, NULL),
(29, 8.25, 1, NULL),
(30, 6.15, 2, NULL),
(31, 1.99, 3, NULL),
(32, 4.25, 1, NULL),
(33, 6.15, 2, NULL),
(34, 2.99, 3, NULL),
(35, 4.25, 1, 2),
(36, 6.15, 2, 2),
(37, 2.99, 3, 2),
(38, 4.25, 1, 2),
(39, 6.15, 2, 2),
(40, 2.99, 3, 2),
(41, 3.25, 3, NULL),
(42, 1.15, 2, NULL),
(43, 2.99, 3, NULL),
(44, 8.25, 1, NULL),
(45, 6.15, 2, NULL),
(46, 1.99, 3, NULL),
(47, 4.25, 1, NULL),
(48, 6.15, 2, NULL),
(49, 2.99, 3, NULL),
(50, 4.25, 1, 2),
(51, 6.15, 2, 2),
(52, 2.99, 3, 2),
(53, 4.25, 1, 2),
(54, 6.15, 2, 2),
(55, 2.99, 3, 2),
(56, 3.25, 3, NULL),
(57, 1.15, 2, NULL),
(58, 2.99, 3, NULL),
(59, 8.25, 1, NULL),
(60, 6.15, 2, NULL),
(61, 1.99, 3, NULL),
(62, 4.25, 1, NULL),
(63, 6.15, 2, NULL),
(64, 2.99, 3, NULL),
(65, 4.25, 1, 2),
(66, 6.15, 2, 2),
(67, 2.99, 3, 2),
(68, 4.25, 1, 2),
(69, 6.15, 2, 2),
(70, 2.99, 3, 2),
(71, 3.25, 3, NULL),
(72, 1.15, 2, NULL),
(73, 2.99, 3, NULL),
(74, 8.25, 1, NULL),
(75, 6.15, 2, NULL),
(76, 1.99, 3, NULL),
(77, 4.25, 1, NULL),
(78, 6.15, 2, NULL),
(79, 2.99, 3, NULL),
(80, 4.25, 1, 2),
(81, 6.15, 2, 2),
(82, 2.99, 3, 2),
(83, 4.25, 1, 2),
(84, 6.15, 2, 2),
(85, 2.99, 3, 2),
(86, 3.25, 3, NULL),
(87, 1.15, 2, NULL),
(88, 2.99, 3, NULL),
(89, 8.25, 1, NULL),
(90, 6.15, 2, NULL),
(91, 1.99, 3, NULL),
(92, 5, 7, 5),
(93, 3, 1, 5),
(94, 46, 5, 2),
(95, 66, 7, 2),
(96, 10, 5, NULL),
(97, 0.03, 6, NULL),
(98, 0.03, 4, 5),
(99, 0.03, 6, NULL),
(100, 0.04, 4, NULL),
(101, 0.04, 1, 2),
(102, 0.05, 2, NULL),
(103, 0.03, 7, NULL),
(104, 0.1, 6, 6),
(108, 4.25, 1, 1),
(109, 6.15, 2, 1),
(110, 2.99, 3, 1),
(111, 4.25, 1, 2),
(112, 6.15, 2, 2),
(113, 2.99, 3, 2),
(114, 4.25, 1, 2),
(115, 6.15, 2, 2),
(116, 2.99, 3, 2),
(117, 3.25, 3, NULL),
(118, 1.15, 2, NULL),
(119, 2.99, 3, NULL),
(120, 8.25, 1, NULL),
(121, 6.15, 2, NULL),
(122, 1.99, 3, NULL),
(123, 4.25, 1, 1),
(124, 6.15, 2, 1),
(125, 2.99, 3, 1),
(126, 4.25, 1, 2),
(127, 6.15, 2, 2),
(128, 2.99, 3, 2),
(129, 4.25, 1, 2),
(130, 6.15, 2, 2),
(131, 2.99, 3, 2),
(132, 3.25, 3, NULL),
(133, 1.15, 2, NULL),
(134, 2.99, 3, NULL),
(135, 8.25, 1, NULL),
(136, 6.15, 2, NULL),
(137, 1.99, 3, NULL),
(138, 4.25, 1, 1),
(139, 6.15, 2, 1),
(140, 2.99, 3, 1),
(141, 4.25, 1, 2),
(142, 6.15, 2, 2),
(143, 2.99, 3, 2),
(144, 4.25, 1, 2),
(145, 6.15, 2, 2),
(146, 2.99, 3, 2),
(147, 3.25, 3, NULL),
(148, 1.15, 2, NULL),
(149, 2.99, 3, NULL),
(150, 8.25, 1, NULL),
(151, 6.15, 2, NULL),
(152, 1.99, 3, NULL),
(153, 4.25, 1, 1),
(154, 6.15, 2, 1),
(155, 2.99, 3, 1),
(156, 4.25, 1, 2),
(157, 6.15, 2, 2),
(158, 2.99, 3, 2),
(159, 4.25, 1, 2),
(160, 6.15, 2, 2),
(161, 2.99, 3, 2),
(162, 3.25, 3, NULL),
(163, 1.15, 2, NULL),
(164, 2.99, 3, NULL),
(165, 8.25, 1, NULL),
(166, 6.15, 2, NULL),
(167, 1.99, 3, NULL),
(168, 4.25, 1, 1),
(169, 6.15, 2, 1),
(170, 2.99, 3, 1),
(171, 4.25, 1, 2),
(172, 6.15, 2, 2),
(173, 2.99, 3, 2),
(174, 4.25, 1, 2),
(175, 6.15, 2, 2),
(176, 2.99, 3, 2),
(177, 3.25, 3, NULL),
(178, 1.15, 2, NULL),
(179, 2.99, 3, NULL),
(180, 8.25, 1, NULL),
(181, 6.15, 2, NULL),
(182, 1.99, 3, NULL),
(183, 4.25, 1, 1),
(184, 6.15, 2, 1),
(185, 2.99, 3, 1),
(186, 4.25, 1, 2),
(187, 6.15, 2, 2),
(188, 2.99, 3, 2),
(189, 4.25, 1, 2),
(190, 6.15, 2, 2),
(191, 2.99, 3, 2),
(192, 3.25, 3, NULL),
(193, 1.15, 2, NULL),
(194, 2.99, 3, NULL),
(195, 8.25, 1, NULL),
(196, 6.15, 2, NULL),
(197, 1.99, 3, NULL),
(198, 4.25, 1, 1),
(199, 6.15, 2, 1),
(200, 2.99, 3, 1),
(201, 4.25, 1, 2),
(202, 6.15, 2, 2),
(203, 2.99, 3, 2),
(204, 4.25, 1, 2),
(205, 6.15, 2, 2),
(206, 2.99, 3, 2),
(207, 3.25, 3, NULL),
(208, 1.15, 2, NULL),
(209, 2.99, 3, NULL),
(210, 8.25, 1, NULL),
(211, 6.15, 2, NULL),
(212, 1.99, 3, NULL),
(213, 4.25, 1, 1),
(214, 6.15, 2, 1),
(215, 2.99, 3, 1),
(216, 4.25, 1, 2),
(217, 6.15, 2, 2),
(218, 2.99, 3, 2),
(219, 4.25, 1, 2),
(220, 6.15, 2, 2),
(221, 2.99, 3, 2),
(222, 3.25, 3, NULL),
(223, 1.15, 2, NULL),
(224, 2.99, 3, NULL),
(225, 8.25, 1, NULL),
(226, 6.15, 2, NULL),
(227, 1.99, 3, NULL),
(228, 4.25, 1, 1),
(229, 6.15, 2, 1),
(230, 2.99, 3, 1),
(231, 4.25, 1, 2),
(232, 6.15, 2, 2),
(233, 2.99, 3, 2),
(234, 4.25, 1, 2),
(235, 6.15, 2, 2),
(236, 2.99, 3, 2),
(237, 3.25, 3, NULL),
(238, 1.15, 2, NULL),
(239, 2.99, 3, NULL),
(240, 8.25, 1, NULL),
(241, 6.15, 2, NULL),
(242, 1.99, 3, NULL),
(243, 4.25, 1, 1),
(244, 6.15, 2, 1),
(245, 2.99, 3, 1),
(246, 4.25, 1, 2),
(247, 6.15, 2, 2),
(248, 2.99, 3, 2),
(249, 4.25, 1, 2),
(250, 6.15, 2, 2),
(251, 2.99, 3, 2),
(252, 3.25, 3, NULL),
(253, 1.15, 2, NULL),
(254, 2.99, 3, NULL),
(255, 8.25, 1, NULL),
(256, 6.15, 2, NULL),
(257, 1.99, 3, NULL),
(258, 4.25, 1, 1),
(259, 6.15, 2, 1),
(260, 2.99, 3, 1),
(261, 4.25, 1, 2),
(262, 6.15, 2, 2),
(263, 2.99, 3, 2),
(264, 4.25, 1, 2),
(265, 6.15, 2, 2),
(266, 2.99, 3, 2),
(267, 3.25, 3, NULL),
(268, 1.15, 2, NULL),
(269, 2.99, 3, NULL),
(270, 8.25, 1, NULL),
(271, 6.15, 2, NULL),
(272, 1.99, 3, NULL),
(273, 4.25, 1, 1),
(274, 6.15, 2, 1),
(275, 2.99, 3, 1),
(276, 4.25, 1, 2),
(277, 6.15, 2, 2),
(278, 2.99, 3, 2),
(279, 4.25, 1, 2),
(280, 6.15, 2, 2),
(281, 2.99, 3, 2),
(282, 3.25, 3, NULL),
(283, 1.15, 2, NULL),
(284, 2.99, 3, NULL),
(285, 8.25, 1, NULL),
(286, 6.15, 2, NULL),
(287, 1.99, 3, NULL),
(288, 4.25, 1, 1),
(289, 6.15, 2, 1),
(290, 2.99, 3, 1),
(291, 4.25, 1, 2),
(292, 6.15, 2, 2),
(293, 2.99, 3, 2),
(294, 4.25, 1, 2),
(295, 6.15, 2, 2),
(296, 2.99, 3, 2),
(297, 3.25, 3, NULL),
(298, 1.15, 2, NULL),
(299, 2.99, 3, NULL),
(300, 8.25, 1, NULL),
(301, 6.15, 2, NULL),
(302, 1.99, 3, NULL),
(303, 4.25, 1, 1),
(304, 6.15, 2, 1),
(305, 2.99, 3, 1),
(306, 4.25, 1, 2),
(307, 6.15, 2, 2),
(308, 2.99, 3, 2),
(309, 4.25, 1, 2),
(310, 6.15, 2, 2),
(311, 2.99, 3, 2),
(312, 3.25, 3, NULL),
(313, 1.15, 2, NULL),
(314, 2.99, 3, NULL),
(315, 8.25, 1, NULL),
(316, 6.15, 2, NULL),
(317, 1.99, 3, NULL),
(318, 0.03, 7, 4),
(319, 4.25, 1, 1),
(320, 6.15, 2, 1),
(321, 2.99, 3, 1),
(322, 4.25, 1, 2),
(323, 6.15, 2, 2),
(324, 2.99, 3, 2),
(325, 4.25, 1, 2),
(326, 6.15, 2, 2),
(327, 2.99, 3, 2),
(328, 3.25, 3, NULL),
(329, 1.15, 2, NULL),
(330, 2.99, 3, NULL),
(331, 8.25, 1, NULL),
(332, 6.15, 2, NULL),
(333, 1.99, 3, NULL),
(334, 4.25, 1, 1),
(335, 6.15, 2, 1),
(336, 2.99, 3, 1),
(337, 4.25, 1, 2),
(338, 6.15, 2, 2),
(339, 2.99, 3, 2),
(340, 4.25, 1, 2),
(341, 6.15, 2, 2),
(342, 2.99, 3, 2),
(343, 3.25, 3, NULL),
(344, 1.15, 2, NULL),
(345, 2.99, 3, NULL),
(346, 8.25, 1, NULL),
(347, 6.15, 2, NULL),
(348, 1.99, 3, NULL),
(349, 4.25, 1, 1),
(350, 6.15, 2, 1),
(351, 2.99, 3, 1),
(352, 4.25, 1, 2),
(353, 6.15, 2, 2),
(354, 2.99, 3, 2),
(355, 4.25, 1, 2),
(356, 6.15, 2, 2),
(357, 2.99, 3, 2),
(358, 3.25, 3, NULL),
(359, 1.15, 2, NULL),
(360, 2.99, 3, NULL),
(361, 8.25, 1, NULL),
(362, 6.15, 2, NULL),
(363, 1.99, 3, NULL),
(364, 4.25, 1, 1),
(365, 6.15, 2, 1),
(366, 2.99, 3, 1),
(367, 4.25, 1, 2),
(368, 6.15, 2, 2),
(369, 2.99, 3, 2),
(370, 4.25, 1, 2),
(371, 6.15, 2, 2),
(372, 2.99, 3, 2),
(373, 3.25, 3, NULL),
(374, 1.15, 2, NULL),
(375, 2.99, 3, NULL),
(376, 8.25, 1, NULL),
(377, 6.15, 2, NULL),
(378, 1.99, 3, NULL),
(379, 4.25, 1, 1),
(380, 6.15, 2, 1),
(381, 2.99, 3, 1),
(382, 4.25, 1, 2),
(383, 6.15, 2, 2),
(384, 2.99, 3, 2),
(385, 4.25, 1, 2),
(386, 6.15, 2, 2),
(387, 2.99, 3, 2),
(388, 3.25, 3, NULL),
(389, 1.15, 2, NULL),
(390, 2.99, 3, NULL),
(391, 8.25, 1, NULL),
(392, 6.15, 2, NULL),
(393, 1.99, 3, NULL),
(394, 4.25, 1, 1),
(395, 6.15, 2, 1),
(396, 2.99, 3, 1),
(397, 4.25, 1, 2),
(398, 6.15, 2, 2),
(399, 2.99, 3, 2),
(400, 4.25, 1, 2),
(401, 6.15, 2, 2),
(402, 2.99, 3, 2),
(403, 3.25, 3, NULL),
(404, 1.15, 2, NULL),
(405, 2.99, 3, NULL),
(406, 8.25, 1, NULL),
(407, 6.15, 2, NULL),
(408, 1.99, 3, NULL),
(409, 4.25, 1, 1),
(410, 6.15, 2, 1),
(411, 2.99, 3, 1),
(412, 4.25, 1, 2),
(413, 6.15, 2, 2),
(414, 2.99, 3, 2),
(415, 4.25, 1, 2),
(416, 6.15, 2, 2),
(417, 2.99, 3, 2),
(418, 3.25, 3, NULL),
(419, 1.15, 2, NULL),
(420, 2.99, 3, NULL),
(421, 8.25, 1, NULL),
(422, 6.15, 2, NULL),
(423, 1.99, 3, NULL),
(424, 4.25, 1, 1),
(425, 6.15, 2, 1),
(426, 2.99, 3, 1),
(427, 4.25, 1, 2),
(428, 6.15, 2, 2),
(429, 2.99, 3, 2),
(430, 4.25, 1, 2),
(431, 6.15, 2, 2),
(432, 2.99, 3, 2),
(433, 3.25, 3, NULL),
(434, 1.15, 2, NULL),
(435, 2.99, 3, NULL),
(436, 8.25, 1, NULL),
(437, 6.15, 2, NULL),
(438, 1.99, 3, NULL),
(439, 4.25, 1, 1),
(440, 6.15, 2, 1),
(441, 2.99, 3, 1),
(442, 4.25, 1, 2),
(443, 6.15, 2, 2),
(444, 2.99, 3, 2),
(445, 4.25, 1, 2),
(446, 6.15, 2, 2),
(447, 2.99, 3, 2),
(448, 3.25, 3, NULL),
(449, 1.15, 2, NULL),
(450, 2.99, 3, NULL),
(451, 8.25, 1, NULL),
(452, 6.15, 2, NULL),
(453, 1.99, 3, NULL),
(454, 4.25, 1, 1),
(455, 6.15, 2, 1),
(456, 2.99, 3, 1),
(457, 4.25, 1, 2),
(458, 6.15, 2, 2),
(459, 2.99, 3, 2),
(460, 4.25, 1, 2),
(461, 6.15, 2, 2),
(462, 2.99, 3, 2),
(463, 3.25, 3, NULL),
(464, 1.15, 2, NULL),
(465, 2.99, 3, NULL),
(466, 8.25, 1, NULL),
(467, 6.15, 2, NULL),
(468, 1.99, 3, NULL),
(469, 4.25, 1, 1),
(470, 6.15, 2, 1),
(471, 2.99, 3, 1),
(472, 4.25, 1, 2),
(473, 6.15, 2, 2),
(474, 2.99, 3, 2),
(475, 4.25, 1, 2),
(476, 6.15, 2, 2),
(477, 2.99, 3, 2),
(478, 3.25, 3, NULL),
(479, 1.15, 2, NULL),
(480, 2.99, 3, NULL),
(481, 8.25, 1, NULL),
(482, 6.15, 2, NULL),
(483, 1.99, 3, NULL),
(484, 4.25, 1, 1),
(485, 6.15, 2, 1),
(486, 2.99, 3, 1),
(487, 4.25, 1, 2),
(488, 6.15, 2, 2),
(489, 2.99, 3, 2),
(490, 4.25, 1, 2),
(491, 6.15, 2, 2),
(492, 2.99, 3, 2),
(493, 3.25, 3, NULL),
(494, 1.15, 2, NULL),
(495, 2.99, 3, NULL),
(496, 8.25, 1, NULL),
(497, 6.15, 2, NULL),
(498, 1.99, 3, NULL),
(499, 4.25, 1, 1),
(500, 6.15, 2, 1),
(501, 2.99, 3, 1),
(502, 4.25, 1, 2),
(503, 6.15, 2, 2),
(504, 2.99, 3, 2),
(505, 4.25, 1, 2),
(506, 6.15, 2, 2),
(507, 2.99, 3, 2),
(508, 3.25, 3, NULL),
(509, 1.15, 2, NULL),
(510, 2.99, 3, NULL),
(511, 8.25, 1, NULL),
(512, 6.15, 2, NULL),
(513, 1.99, 3, NULL),
(514, 4.25, 1, 1),
(515, 6.15, 2, 1),
(516, 2.99, 3, 1),
(517, 4.25, 1, 2),
(518, 6.15, 2, 2),
(519, 2.99, 3, 2),
(520, 4.25, 1, 2),
(521, 6.15, 2, 2),
(522, 2.99, 3, 2),
(523, 3.25, 3, NULL),
(524, 1.15, 2, NULL),
(525, 2.99, 3, NULL),
(526, 8.25, 1, NULL),
(527, 6.15, 2, NULL),
(528, 1.99, 3, NULL),
(529, 4.25, 1, 1),
(530, 6.15, 2, 1),
(531, 2.99, 3, 1),
(532, 4.25, 1, 2),
(533, 6.15, 2, 2),
(534, 2.99, 3, 2),
(535, 4.25, 1, 2),
(536, 6.15, 2, 2),
(537, 2.99, 3, 2),
(538, 3.25, 3, NULL),
(539, 1.15, 2, NULL),
(540, 2.99, 3, NULL),
(541, 8.25, 1, NULL),
(542, 6.15, 2, NULL),
(543, 1.99, 3, NULL),
(544, 4.25, 1, 1),
(545, 6.15, 2, 1),
(546, 2.99, 3, 1),
(547, 4.25, 1, 2),
(548, 6.15, 2, 2),
(549, 2.99, 3, 2),
(550, 4.25, 1, 2),
(551, 6.15, 2, 2),
(552, 2.99, 3, 2),
(553, 3.25, 3, NULL),
(554, 1.15, 2, NULL),
(555, 2.99, 3, NULL),
(556, 8.25, 1, NULL),
(557, 6.15, 2, NULL),
(558, 1.99, 3, NULL),
(559, 4.25, 1, 1),
(560, 6.15, 2, 1),
(561, 2.99, 3, 1),
(562, 4.25, 1, 2),
(563, 6.15, 2, 2),
(564, 2.99, 3, 2),
(565, 4.25, 1, 2),
(566, 6.15, 2, 2),
(567, 2.99, 3, 2),
(568, 3.25, 3, NULL),
(569, 1.15, 2, NULL),
(570, 2.99, 3, NULL),
(571, 8.25, 1, NULL),
(572, 6.15, 2, NULL),
(573, 1.99, 3, NULL),
(574, 4.25, 1, 1),
(575, 6.15, 2, 1),
(576, 2.99, 3, 1),
(577, 4.25, 1, 2),
(578, 6.15, 2, 2),
(579, 2.99, 3, 2),
(580, 4.25, 1, 2),
(581, 6.15, 2, 2),
(582, 2.99, 3, 2),
(583, 3.25, 3, NULL),
(584, 1.15, 2, NULL),
(585, 2.99, 3, NULL),
(586, 8.25, 1, NULL),
(587, 6.15, 2, NULL),
(588, 1.99, 3, NULL),
(589, 4.25, 1, 1),
(590, 6.15, 2, 1),
(591, 2.99, 3, 1),
(592, 4.25, 1, 2),
(593, 6.15, 2, 2),
(594, 2.99, 3, 2),
(595, 4.25, 1, 2),
(596, 6.15, 2, 2),
(597, 2.99, 3, 2),
(598, 3.25, 3, NULL),
(599, 1.15, 2, NULL),
(600, 2.99, 3, NULL),
(601, 8.25, 1, NULL),
(602, 6.15, 2, NULL),
(603, 1.99, 3, NULL),
(604, 4.25, 1, 1),
(605, 6.15, 2, 1),
(606, 2.99, 3, 1),
(607, 4.25, 1, 2),
(608, 6.15, 2, 2),
(609, 2.99, 3, 2),
(610, 4.25, 1, 2),
(611, 6.15, 2, 2),
(612, 2.99, 3, 2),
(613, 3.25, 3, NULL),
(614, 1.15, 2, NULL),
(615, 2.99, 3, NULL),
(616, 8.25, 1, NULL),
(617, 6.15, 2, NULL),
(618, 1.99, 3, NULL),
(619, 4.25, 1, 1),
(620, 6.15, 2, 1),
(621, 2.99, 3, 1),
(622, 4.25, 1, 2),
(623, 6.15, 2, 2),
(624, 2.99, 3, 2),
(625, 4.25, 1, 2),
(626, 6.15, 2, 2),
(627, 2.99, 3, 2),
(628, 3.25, 3, NULL),
(629, 1.15, 2, NULL),
(630, 2.99, 3, NULL),
(631, 8.25, 1, NULL),
(632, 6.15, 2, NULL),
(633, 1.99, 3, NULL),
(634, 4.25, 1, 1),
(635, 6.15, 2, 1),
(636, 2.99, 3, 1),
(637, 4.25, 1, 2),
(638, 6.15, 2, 2),
(639, 2.99, 3, 2),
(640, 4.25, 1, 2),
(641, 6.15, 2, 2),
(642, 2.99, 3, 2),
(643, 3.25, 3, NULL),
(644, 1.15, 2, NULL),
(645, 2.99, 3, NULL),
(646, 8.25, 1, NULL),
(647, 6.15, 2, NULL),
(648, 1.99, 3, NULL),
(649, 4.25, 1, 1),
(650, 6.15, 2, 1),
(651, 2.99, 3, 1),
(652, 4.25, 1, 2),
(653, 6.15, 2, 2),
(654, 2.99, 3, 2),
(655, 4.25, 1, 2),
(656, 6.15, 2, 2),
(657, 2.99, 3, 2),
(658, 3.25, 3, NULL),
(659, 1.15, 2, NULL),
(660, 2.99, 3, NULL),
(661, 8.25, 1, NULL),
(662, 6.15, 2, NULL),
(663, 1.99, 3, NULL),
(664, 4.25, 1, 1),
(665, 6.15, 2, 1),
(666, 2.99, 3, 1),
(667, 4.25, 1, 2),
(668, 6.15, 2, 2),
(669, 2.99, 3, 2),
(670, 4.25, 1, 2),
(671, 6.15, 2, 2),
(672, 2.99, 3, 2),
(673, 3.25, 3, NULL),
(674, 1.15, 2, NULL),
(675, 2.99, 3, NULL),
(676, 8.25, 1, NULL),
(677, 6.15, 2, NULL),
(678, 1.99, 3, NULL),
(679, 4.25, 1, 1),
(680, 6.15, 2, 1),
(681, 2.99, 3, 1),
(682, 4.25, 1, 2),
(683, 6.15, 2, 2),
(684, 2.99, 3, 2),
(685, 4.25, 1, 2),
(686, 6.15, 2, 2),
(687, 2.99, 3, 2),
(688, 3.25, 3, NULL),
(689, 1.15, 2, NULL),
(690, 2.99, 3, NULL),
(691, 8.25, 1, NULL),
(692, 6.15, 2, NULL),
(693, 1.99, 3, NULL),
(694, 4.25, 1, 1),
(695, 6.15, 2, 1),
(696, 2.99, 3, 1),
(697, 4.25, 1, 2),
(698, 6.15, 2, 2),
(699, 2.99, 3, 2),
(700, 4.25, 1, 2),
(701, 6.15, 2, 2),
(702, 2.99, 3, 2),
(703, 3.25, 3, NULL),
(704, 1.15, 2, NULL),
(705, 2.99, 3, NULL),
(706, 8.25, 1, NULL),
(707, 6.15, 2, NULL),
(708, 1.99, 3, NULL),
(709, 4.25, 1, 1),
(710, 6.15, 2, 1),
(711, 2.99, 3, 1),
(712, 4.25, 1, 2),
(713, 6.15, 2, 2),
(714, 2.99, 3, 2),
(715, 4.25, 1, 2),
(716, 6.15, 2, 2),
(717, 2.99, 3, 2),
(718, 3.25, 3, NULL),
(719, 1.15, 2, NULL),
(720, 2.99, 3, NULL),
(721, 8.25, 1, NULL),
(722, 6.15, 2, NULL),
(723, 1.99, 3, NULL),
(724, 4.25, 1, 1),
(725, 6.15, 2, 1),
(726, 2.99, 3, 1),
(727, 4.25, 1, 2),
(728, 6.15, 2, 2),
(729, 2.99, 3, 2),
(730, 4.25, 1, 2),
(731, 6.15, 2, 2),
(732, 2.99, 3, 2),
(733, 3.25, 3, NULL),
(734, 1.15, 2, NULL),
(735, 2.99, 3, NULL),
(736, 8.25, 1, NULL),
(737, 6.15, 2, NULL),
(738, 1.99, 3, NULL),
(739, 4.25, 1, 1),
(740, 6.15, 2, 1),
(741, 2.99, 3, 1),
(742, 4.25, 1, 2),
(743, 6.15, 2, 2),
(744, 2.99, 3, 2),
(745, 4.25, 1, 2),
(746, 6.15, 2, 2),
(747, 2.99, 3, 2),
(748, 3.25, 3, NULL),
(749, 1.15, 2, NULL),
(750, 2.99, 3, NULL),
(751, 8.25, 1, NULL),
(752, 6.15, 2, NULL),
(753, 1.99, 3, NULL),
(754, 4.25, 1, 1),
(755, 6.15, 2, 1),
(756, 2.99, 3, 1),
(757, 4.25, 1, 2),
(758, 6.15, 2, 2),
(759, 2.99, 3, 2),
(760, 4.25, 1, 2),
(761, 6.15, 2, 2),
(762, 2.99, 3, 2),
(763, 3.25, 3, NULL),
(764, 1.15, 2, NULL),
(765, 2.99, 3, NULL),
(766, 8.25, 1, NULL),
(767, 6.15, 2, NULL),
(768, 1.99, 3, NULL),
(769, 4.25, 1, 1),
(770, 6.15, 2, 1),
(771, 2.99, 3, 1),
(772, 4.25, 1, 2),
(773, 6.15, 2, 2),
(774, 2.99, 3, 2),
(775, 4.25, 1, 2),
(776, 6.15, 2, 2),
(777, 2.99, 3, 2),
(778, 3.25, 3, NULL),
(779, 1.15, 2, NULL),
(780, 2.99, 3, NULL),
(781, 8.25, 1, NULL),
(782, 6.15, 2, NULL),
(783, 1.99, 3, NULL),
(784, 4.25, 1, 1),
(785, 6.15, 2, 1),
(786, 2.99, 3, 1),
(787, 4.25, 1, 2),
(788, 6.15, 2, 2),
(789, 2.99, 3, 2),
(790, 4.25, 1, 2),
(791, 6.15, 2, 2),
(792, 2.99, 3, 2),
(793, 3.25, 3, NULL),
(794, 1.15, 2, NULL),
(795, 2.99, 3, NULL),
(796, 8.25, 1, NULL),
(797, 6.15, 2, NULL),
(798, 1.99, 3, NULL),
(799, 4.25, 1, 1),
(800, 6.15, 2, 1),
(801, 2.99, 3, 1),
(802, 4.25, 1, 2),
(803, 6.15, 2, 2),
(804, 2.99, 3, 2),
(805, 4.25, 1, 2),
(806, 6.15, 2, 2),
(807, 2.99, 3, 2),
(808, 3.25, 3, NULL),
(809, 1.15, 2, NULL),
(810, 2.99, 3, NULL),
(811, 8.25, 1, NULL),
(812, 6.15, 2, NULL),
(813, 1.99, 3, NULL),
(814, 4.25, 1, 1),
(815, 6.15, 2, 1),
(816, 2.99, 3, 1),
(817, 4.25, 1, 2),
(818, 6.15, 2, 2),
(819, 2.99, 3, 2),
(820, 4.25, 1, 2),
(821, 6.15, 2, 2),
(822, 2.99, 3, 2),
(823, 3.25, 3, NULL),
(824, 1.15, 2, NULL),
(825, 2.99, 3, NULL),
(826, 8.25, 1, NULL),
(827, 6.15, 2, NULL),
(828, 1.99, 3, NULL),
(829, 4.25, 1, 1),
(830, 6.15, 2, 1),
(831, 2.99, 3, 1),
(832, 4.25, 1, 2),
(833, 6.15, 2, 2),
(834, 2.99, 3, 2),
(835, 4.25, 1, 2),
(836, 6.15, 2, 2),
(837, 2.99, 3, 2),
(838, 3.25, 3, NULL),
(839, 1.15, 2, NULL),
(840, 2.99, 3, NULL),
(841, 8.25, 1, NULL),
(842, 6.15, 2, NULL),
(843, 1.99, 3, NULL),
(844, 4.25, 1, 1),
(845, 6.15, 2, 1),
(846, 2.99, 3, 1),
(847, 4.25, 1, 2),
(848, 6.15, 2, 2),
(849, 2.99, 3, 2),
(850, 4.25, 1, 2),
(851, 6.15, 2, 2),
(852, 2.99, 3, 2),
(853, 3.25, 3, NULL),
(854, 1.15, 2, NULL),
(855, 2.99, 3, NULL),
(856, 8.25, 1, NULL),
(857, 6.15, 2, NULL),
(858, 1.99, 3, NULL),
(859, 4.25, 1, 1),
(860, 6.15, 2, 1),
(861, 2.99, 3, 1),
(862, 4.25, 1, 2),
(863, 6.15, 2, 2),
(864, 2.99, 3, 2),
(865, 4.25, 1, 2),
(866, 6.15, 2, 2),
(867, 2.99, 3, 2),
(868, 3.25, 3, NULL),
(869, 1.15, 2, NULL),
(870, 2.99, 3, NULL),
(871, 8.25, 1, NULL),
(872, 6.15, 2, NULL),
(873, 1.99, 3, NULL),
(874, 4.25, 1, 1),
(875, 6.15, 2, 1),
(876, 2.99, 3, 1),
(877, 4.25, 1, 2),
(878, 6.15, 2, 2),
(879, 2.99, 3, 2),
(880, 4.25, 1, 2),
(881, 6.15, 2, 2),
(882, 2.99, 3, 2),
(883, 3.25, 3, NULL),
(884, 1.15, 2, NULL),
(885, 2.99, 3, NULL),
(886, 8.25, 1, NULL),
(887, 6.15, 2, NULL),
(888, 1.99, 3, NULL),
(889, 4.25, 1, 1),
(890, 6.15, 2, 1),
(891, 2.99, 3, 1),
(892, 4.25, 1, 2),
(893, 6.15, 2, 2),
(894, 2.99, 3, 2),
(895, 4.25, 1, 2),
(896, 6.15, 2, 2),
(897, 2.99, 3, 2),
(898, 3.25, 3, NULL),
(899, 1.15, 2, NULL),
(900, 2.99, 3, NULL),
(901, 8.25, 1, NULL),
(902, 6.15, 2, NULL),
(903, 1.99, 3, NULL),
(904, 4.25, 1, 1),
(905, 6.15, 2, 1),
(906, 2.99, 3, 1),
(907, 4.25, 1, 2),
(908, 6.15, 2, 2),
(909, 2.99, 3, 2),
(910, 4.25, 1, 2),
(911, 6.15, 2, 2),
(912, 2.99, 3, 2),
(913, 3.25, 3, NULL),
(914, 1.15, 2, NULL),
(915, 2.99, 3, NULL),
(916, 8.25, 1, NULL),
(917, 6.15, 2, NULL),
(918, 1.99, 3, NULL),
(919, 4.25, 1, 1),
(920, 6.15, 2, 1),
(921, 2.99, 3, 1),
(922, 4.25, 1, 2),
(923, 6.15, 2, 2),
(924, 2.99, 3, 2),
(925, 4.25, 1, 2),
(926, 6.15, 2, 2),
(927, 2.99, 3, 2),
(928, 3.25, 3, NULL),
(929, 1.15, 2, NULL),
(930, 2.99, 3, NULL),
(931, 8.25, 1, NULL),
(932, 6.15, 2, NULL),
(933, 1.99, 3, NULL),
(934, 4.25, 1, 1),
(935, 6.15, 2, 1),
(936, 2.99, 3, 1),
(937, 4.25, 1, 2),
(938, 6.15, 2, 2),
(939, 2.99, 3, 2),
(940, 4.25, 1, 2),
(941, 6.15, 2, 2),
(942, 2.99, 3, 2),
(943, 3.25, 3, NULL),
(944, 1.15, 2, NULL),
(945, 2.99, 3, NULL),
(946, 8.25, 1, NULL),
(947, 6.15, 2, NULL),
(948, 1.99, 3, NULL),
(949, 4.25, 1, 1),
(950, 6.15, 2, 1),
(951, 2.99, 3, 1),
(952, 4.25, 1, 2),
(953, 6.15, 2, 2),
(954, 2.99, 3, 2),
(955, 4.25, 1, 2),
(956, 6.15, 2, 2),
(957, 2.99, 3, 2),
(958, 3.25, 3, NULL),
(959, 1.15, 2, NULL),
(960, 2.99, 3, NULL),
(961, 8.25, 1, NULL),
(962, 6.15, 2, NULL),
(963, 1.99, 3, NULL),
(964, 4.25, 1, 1),
(965, 6.15, 2, 1),
(966, 2.99, 3, 1),
(967, 4.25, 1, 2),
(968, 6.15, 2, 2),
(969, 2.99, 3, 2),
(970, 4.25, 1, 2),
(971, 6.15, 2, 2),
(972, 2.99, 3, 2),
(973, 3.25, 3, NULL),
(974, 1.15, 2, NULL),
(975, 2.99, 3, NULL),
(976, 8.25, 1, NULL),
(977, 6.15, 2, NULL),
(978, 1.99, 3, NULL),
(979, 4.25, 1, 1),
(980, 6.15, 2, 1),
(981, 2.99, 3, 1),
(982, 4.25, 1, 2),
(983, 6.15, 2, 2),
(984, 2.99, 3, 2),
(985, 4.25, 1, 2),
(986, 6.15, 2, 2),
(987, 2.99, 3, 2),
(988, 3.25, 3, NULL),
(989, 1.15, 2, NULL),
(990, 2.99, 3, NULL),
(991, 8.25, 1, NULL),
(992, 6.15, 2, NULL),
(993, 1.99, 3, NULL),
(994, 4.25, 1, 1),
(995, 6.15, 2, 1),
(996, 2.99, 3, 1),
(997, 4.25, 1, 2),
(998, 6.15, 2, 2),
(999, 2.99, 3, 2),
(1000, 4.25, 1, 2),
(1001, 6.15, 2, 2),
(1002, 2.99, 3, 2),
(1003, 3.25, 3, NULL),
(1004, 1.15, 2, NULL),
(1005, 2.99, 3, NULL),
(1006, 8.25, 1, NULL),
(1007, 6.15, 2, NULL),
(1008, 1.99, 3, NULL),
(1009, 4.25, 1, 1),
(1010, 6.15, 2, 1),
(1011, 2.99, 3, 1),
(1012, 4.25, 1, 2),
(1013, 6.15, 2, 2),
(1014, 2.99, 3, 2),
(1015, 4.25, 1, 2),
(1016, 6.15, 2, 2),
(1017, 2.99, 3, 2),
(1018, 3.25, 3, NULL),
(1019, 1.15, 2, NULL),
(1020, 2.99, 3, NULL),
(1021, 8.25, 1, NULL),
(1022, 6.15, 2, NULL),
(1023, 1.99, 3, NULL),
(1024, 4.25, 1, 1),
(1025, 6.15, 2, 1),
(1026, 2.99, 3, 1),
(1027, 4.25, 1, 2),
(1028, 6.15, 2, 2),
(1029, 2.99, 3, 2),
(1030, 4.25, 1, 2),
(1031, 6.15, 2, 2),
(1032, 2.99, 3, 2),
(1033, 3.25, 3, NULL),
(1034, 1.15, 2, NULL),
(1035, 2.99, 3, NULL),
(1036, 8.25, 1, NULL),
(1037, 6.15, 2, NULL),
(1038, 1.99, 3, NULL),
(1039, 4.25, 1, 1),
(1040, 6.15, 2, 1),
(1041, 2.99, 3, 1),
(1042, 4.25, 1, 2),
(1043, 6.15, 2, 2),
(1044, 2.99, 3, 2),
(1045, 4.25, 1, 2),
(1046, 6.15, 2, 2),
(1047, 2.99, 3, 2),
(1048, 3.25, 3, NULL),
(1049, 1.15, 2, NULL),
(1050, 2.99, 3, NULL),
(1051, 8.25, 1, NULL),
(1052, 6.15, 2, NULL),
(1053, 1.99, 3, NULL),
(1054, 4.25, 1, 1),
(1055, 6.15, 2, 1),
(1056, 2.99, 3, 1),
(1057, 4.25, 1, 2),
(1058, 6.15, 2, 2),
(1059, 2.99, 3, 2),
(1060, 4.25, 1, 2),
(1061, 6.15, 2, 2),
(1062, 2.99, 3, 2),
(1063, 3.25, 3, NULL),
(1064, 1.15, 2, NULL),
(1065, 2.99, 3, NULL),
(1066, 8.25, 1, NULL),
(1067, 6.15, 2, NULL),
(1068, 1.99, 3, NULL),
(1069, 4.25, 1, 1),
(1070, 6.15, 2, 1),
(1071, 2.99, 3, 1),
(1072, 4.25, 1, 2),
(1073, 6.15, 2, 2),
(1074, 2.99, 3, 2),
(1075, 4.25, 1, 2),
(1076, 6.15, 2, 2),
(1077, 2.99, 3, 2),
(1078, 3.25, 3, NULL),
(1079, 1.15, 2, NULL),
(1080, 2.99, 3, NULL),
(1081, 8.25, 1, NULL),
(1082, 6.15, 2, NULL),
(1083, 1.99, 3, NULL),
(1084, 4.25, 1, 1),
(1085, 6.15, 2, 1),
(1086, 2.99, 3, 1),
(1087, 4.25, 1, 2),
(1088, 6.15, 2, 2),
(1089, 2.99, 3, 2),
(1090, 4.25, 1, 2),
(1091, 6.15, 2, 2),
(1092, 2.99, 3, 2),
(1093, 3.25, 3, NULL),
(1094, 1.15, 2, NULL),
(1095, 2.99, 3, NULL),
(1096, 8.25, 1, NULL),
(1097, 6.15, 2, NULL),
(1098, 1.99, 3, NULL),
(1099, 4.25, 1, 1),
(1100, 6.15, 2, 1),
(1101, 2.99, 3, 1),
(1102, 4.25, 1, 2),
(1103, 6.15, 2, 2),
(1104, 2.99, 3, 2),
(1105, 4.25, 1, 2),
(1106, 6.15, 2, 2),
(1107, 2.99, 3, 2),
(1108, 3.25, 3, NULL),
(1109, 1.15, 2, NULL),
(1110, 2.99, 3, NULL),
(1111, 8.25, 1, NULL),
(1112, 6.15, 2, NULL),
(1113, 1.99, 3, NULL),
(1114, 4.25, 1, 1),
(1115, 6.15, 2, 1),
(1116, 2.99, 3, 1),
(1117, 4.25, 1, 2),
(1118, 6.15, 2, 2),
(1119, 2.99, 3, 2),
(1120, 4.25, 1, 2),
(1121, 6.15, 2, 2),
(1122, 2.99, 3, 2),
(1123, 3.25, 3, NULL),
(1124, 1.15, 2, NULL),
(1125, 2.99, 3, NULL),
(1126, 8.25, 1, NULL),
(1127, 6.15, 2, NULL),
(1128, 1.99, 3, NULL),
(1129, 4.25, 1, 1),
(1130, 6.15, 2, 1),
(1131, 2.99, 3, 1),
(1132, 4.25, 1, 2),
(1133, 6.15, 2, 2),
(1134, 2.99, 3, 2),
(1135, 4.25, 1, 2),
(1136, 6.15, 2, 2),
(1137, 2.99, 3, 2),
(1138, 3.25, 3, NULL),
(1139, 1.15, 2, NULL),
(1140, 2.99, 3, NULL),
(1141, 8.25, 1, NULL),
(1142, 6.15, 2, NULL),
(1143, 1.99, 3, NULL),
(1144, 4.25, 1, 1),
(1145, 6.15, 2, 1),
(1146, 2.99, 3, 1),
(1147, 4.25, 1, 2),
(1148, 6.15, 2, 2),
(1149, 2.99, 3, 2),
(1150, 4.25, 1, 2),
(1151, 6.15, 2, 2),
(1152, 2.99, 3, 2),
(1153, 3.25, 3, NULL),
(1154, 1.15, 2, NULL),
(1155, 2.99, 3, NULL),
(1156, 8.25, 1, NULL),
(1157, 6.15, 2, NULL),
(1158, 1.99, 3, NULL),
(1159, 4.25, 1, 1),
(1160, 6.15, 2, 1),
(1161, 2.99, 3, 1),
(1162, 4.25, 1, 2),
(1163, 6.15, 2, 2),
(1164, 2.99, 3, 2),
(1165, 4.25, 1, 2),
(1166, 6.15, 2, 2),
(1167, 2.99, 3, 2),
(1168, 3.25, 3, NULL),
(1169, 1.15, 2, NULL),
(1170, 2.99, 3, NULL),
(1171, 8.25, 1, NULL),
(1172, 6.15, 2, NULL),
(1173, 1.99, 3, NULL),
(1174, 4.25, 1, 1),
(1175, 6.15, 2, 1),
(1176, 2.99, 3, 1),
(1177, 4.25, 1, 2),
(1178, 6.15, 2, 2),
(1179, 2.99, 3, 2),
(1180, 4.25, 1, 2),
(1181, 6.15, 2, 2),
(1182, 2.99, 3, 2),
(1183, 3.25, 3, NULL),
(1184, 1.15, 2, NULL),
(1185, 2.99, 3, NULL),
(1186, 8.25, 1, NULL),
(1187, 6.15, 2, NULL),
(1188, 1.99, 3, NULL),
(1189, 4.25, 1, 1),
(1190, 6.15, 2, 1),
(1191, 2.99, 3, 1),
(1192, 4.25, 1, 2),
(1193, 6.15, 2, 2),
(1194, 2.99, 3, 2),
(1195, 4.25, 1, 2),
(1196, 6.15, 2, 2),
(1197, 2.99, 3, 2),
(1198, 3.25, 3, NULL),
(1199, 1.15, 2, NULL),
(1200, 2.99, 3, NULL),
(1201, 8.25, 1, NULL),
(1202, 6.15, 2, NULL),
(1203, 1.99, 3, NULL),
(1204, 0.05, 2, 11),
(1205, 0.04, 1, NULL),
(1206, 0.05, 2, 13),
(1207, 0.04, 3, 13),
(1208, 0.05, 4, 13),
(1209, 0.2, 6, 13),
(1210, 0.05, 8, 13),
(1211, 1.2, 9, 13),
(1212, 0.4, 8, 14),
(1213, 2.33, 8, 15),
(1214, 0.15, 5, 11),
(1215, 3.03, 1, 11),
(1216, 1.04, 5, 5),
(1217, 0.21, 3, 5),
(1218, 2.66, 9, 5),
(1219, 2.53, 8, 4),
(1220, 2.86, 2, 16),
(1221, 1.6, 3, 16),
(1222, 1.37, 2, 17),
(1223, 3.13, 4, 16),
(1224, 2.32, 9, 18),
(1225, 4.25, 1, 1),
(1226, 6.15, 2, 1),
(1227, 2.99, 3, 1),
(1228, 4.25, 1, 2),
(1229, 6.15, 2, 2),
(1230, 2.99, 3, 2),
(1231, 4.25, 1, 2),
(1232, 6.15, 2, 2),
(1233, 2.99, 3, 2),
(1234, 3.25, 3, 3),
(1235, 1.15, 2, 3),
(1236, 2.99, 3, 3),
(1237, 8.25, 1, 3),
(1238, 6.15, 2, 3),
(1239, 1.99, 3, 3),
(1240, 4.25, 1, 1),
(1241, 6.15, 2, 1),
(1242, 2.99, 3, 1),
(1243, 4.25, 1, 2),
(1244, 6.15, 2, 2),
(1245, 2.99, 3, 2),
(1246, 4.25, 1, 2),
(1247, 6.15, 2, 2),
(1248, 2.99, 3, 2),
(1249, 3.25, 3, 3),
(1250, 1.15, 2, 3),
(1251, 2.99, 3, 3),
(1252, 8.25, 1, 3),
(1253, 6.15, 2, 3),
(1254, 1.99, 3, 3),
(1255, 4.25, 1, 1),
(1256, 6.15, 2, 1),
(1257, 2.99, 3, 1),
(1258, 4.25, 1, 2),
(1259, 6.15, 2, 2),
(1260, 2.99, 3, 2),
(1261, 4.25, 1, 2),
(1262, 6.15, 2, 2),
(1263, 2.99, 3, 2),
(1264, 3.25, 3, 3),
(1265, 1.15, 2, 3),
(1266, 2.99, 3, 3),
(1267, 8.25, 1, 3),
(1268, 6.15, 2, 3),
(1269, 1.99, 3, 3),
(1270, 4.25, 1, 1),
(1271, 6.15, 2, 1),
(1272, 2.99, 3, 1),
(1273, 4.25, 1, 2),
(1274, 6.15, 2, 2),
(1275, 2.99, 3, 2),
(1276, 4.25, 1, 2),
(1277, 6.15, 2, 2),
(1278, 2.99, 3, 2),
(1279, 3.25, 3, 3),
(1280, 1.15, 2, 3),
(1281, 2.99, 3, 3),
(1282, 8.25, 1, 3),
(1283, 6.15, 2, 3),
(1284, 1.99, 3, 3),
(1285, 4.25, 1, 1),
(1286, 6.15, 2, 1),
(1287, 2.99, 3, 1),
(1288, 4.25, 1, 2),
(1289, 6.15, 2, 2),
(1290, 2.99, 3, 2),
(1291, 4.25, 1, 2),
(1292, 6.15, 2, 2),
(1293, 2.99, 3, 2),
(1294, 3.25, 3, 3),
(1295, 1.15, 2, 3),
(1296, 2.99, 3, 3),
(1297, 8.25, 1, 3),
(1298, 6.15, 2, 3),
(1299, 1.99, 3, 3),
(1300, 4.25, 1, 1),
(1301, 6.15, 2, 1),
(1302, 2.99, 3, 1),
(1303, 4.25, 1, 2),
(1304, 6.15, 2, 2),
(1305, 2.99, 3, 2),
(1306, 4.25, 1, 2),
(1307, 6.15, 2, 2),
(1308, 2.99, 3, 2),
(1309, 3.25, 3, 3),
(1310, 1.15, 2, 3),
(1311, 2.99, 3, 3),
(1312, 8.25, 1, 3),
(1313, 6.15, 2, 3),
(1314, 1.99, 3, 3),
(1315, 4.25, 1, 1),
(1316, 6.15, 2, 1),
(1317, 2.99, 3, 1),
(1318, 4.25, 1, 2),
(1319, 6.15, 2, 2),
(1320, 2.99, 3, 2),
(1321, 4.25, 1, 2),
(1322, 6.15, 2, 2),
(1323, 2.99, 3, 2),
(1324, 3.25, 3, 3),
(1325, 1.15, 2, 3),
(1326, 2.99, 3, 3),
(1327, 8.25, 1, 3),
(1328, 6.15, 2, 3),
(1329, 1.99, 3, 3),
(1330, 4.25, 1, 1),
(1331, 6.15, 2, 1),
(1332, 2.99, 3, 1),
(1333, 4.25, 1, 2),
(1334, 6.15, 2, 2),
(1335, 2.99, 3, 2),
(1336, 4.25, 1, 2),
(1337, 6.15, 2, 2),
(1338, 2.99, 3, 2),
(1339, 3.25, 3, 3),
(1340, 1.15, 2, 3),
(1341, 2.99, 3, 3),
(1342, 8.25, 1, 3),
(1343, 6.15, 2, 3),
(1344, 1.99, 3, 3),
(1345, 4.25, 1, 1),
(1346, 6.15, 2, 1),
(1347, 2.99, 3, 1),
(1348, 4.25, 1, 2),
(1349, 6.15, 2, 2),
(1350, 2.99, 3, 2),
(1351, 4.25, 1, 2),
(1352, 6.15, 2, 2),
(1353, 2.99, 3, 2),
(1354, 3.25, 3, 3),
(1355, 1.15, 2, 3),
(1356, 2.99, 3, 3),
(1357, 8.25, 1, 3),
(1358, 6.15, 2, 3),
(1359, 1.99, 3, 3),
(1360, 4.25, 1, 1),
(1361, 6.15, 2, 1),
(1362, 2.99, 3, 1),
(1363, 4.25, 1, 2),
(1364, 6.15, 2, 2),
(1365, 2.99, 3, 2),
(1366, 4.25, 1, 2),
(1367, 6.15, 2, 2),
(1368, 2.99, 3, 2),
(1369, 3.25, 3, 3),
(1370, 1.15, 2, 3),
(1371, 2.99, 3, 3),
(1372, 8.25, 1, 3),
(1373, 6.15, 2, 3),
(1374, 1.99, 3, 3),
(1375, 4.25, 1, 1),
(1376, 6.15, 2, 1),
(1377, 2.99, 3, 1),
(1378, 4.25, 1, 2),
(1379, 6.15, 2, 2),
(1380, 2.99, 3, 2),
(1381, 4.25, 1, 2),
(1382, 6.15, 2, 2),
(1383, 2.99, 3, 2),
(1384, 3.25, 3, 3),
(1385, 1.15, 2, 3),
(1386, 2.99, 3, 3),
(1387, 8.25, 1, 3),
(1388, 6.15, 2, 3),
(1389, 1.99, 3, 3),
(1390, 4.25, 1, 1),
(1391, 6.15, 2, 1),
(1392, 2.99, 3, 1),
(1393, 4.25, 1, 2),
(1394, 6.15, 2, 2),
(1395, 2.99, 3, 2),
(1396, 4.25, 1, 2),
(1397, 6.15, 2, 2),
(1398, 2.99, 3, 2),
(1399, 3.25, 3, 3),
(1400, 1.15, 2, 3),
(1401, 2.99, 3, 3),
(1402, 8.25, 1, 3),
(1403, 6.15, 2, 3),
(1404, 1.99, 3, 3),
(1405, 4.25, 1, 1),
(1406, 6.15, 2, 1),
(1407, 2.99, 3, 1),
(1408, 4.25, 1, 2),
(1409, 6.15, 2, 2),
(1410, 2.99, 3, 2),
(1411, 4.25, 1, 2),
(1412, 6.15, 2, 2),
(1413, 2.99, 3, 2),
(1414, 3.25, 3, 3),
(1415, 1.15, 2, 3),
(1416, 2.99, 3, 3),
(1417, 8.25, 1, 3),
(1418, 6.15, 2, 3),
(1419, 1.99, 3, 3),
(1420, 4.25, 1, 1),
(1421, 6.15, 2, 1),
(1422, 2.99, 3, 1),
(1423, 4.25, 1, 2),
(1424, 6.15, 2, 2),
(1425, 2.99, 3, 2),
(1426, 4.25, 1, 2),
(1427, 6.15, 2, 2),
(1428, 2.99, 3, 2),
(1429, 3.25, 3, 3),
(1430, 1.15, 2, 3),
(1431, 2.99, 3, 3),
(1432, 8.25, 1, 3),
(1433, 6.15, 2, 3),
(1434, 1.99, 3, 3),
(1435, 4.25, 1, 1),
(1436, 6.15, 2, 1),
(1437, 2.99, 3, 1),
(1438, 4.25, 1, 2),
(1439, 6.15, 2, 2),
(1440, 2.99, 3, 2),
(1441, 4.25, 1, 2),
(1442, 6.15, 2, 2),
(1443, 2.99, 3, 2),
(1444, 3.25, 3, 3),
(1445, 1.15, 2, 3),
(1446, 2.99, 3, 3),
(1447, 8.25, 1, 3),
(1448, 6.15, 2, 3),
(1449, 1.99, 3, 3),
(1450, 4.25, 1, 1),
(1451, 6.15, 2, 1),
(1452, 2.99, 3, 1),
(1453, 4.25, 1, 2),
(1454, 6.15, 2, 2),
(1455, 2.99, 3, 2),
(1456, 4.25, 1, 2),
(1457, 6.15, 2, 2),
(1458, 2.99, 3, 2),
(1459, 3.25, 3, 3),
(1460, 1.15, 2, 3),
(1461, 2.99, 3, 3),
(1462, 8.25, 1, 3),
(1463, 6.15, 2, 3),
(1464, 1.99, 3, 3),
(1465, 4.25, 1, 1),
(1466, 6.15, 2, 1),
(1467, 2.99, 3, 1),
(1468, 4.25, 1, 2),
(1469, 6.15, 2, 2),
(1470, 2.99, 3, 2),
(1471, 4.25, 1, 2),
(1472, 6.15, 2, 2),
(1473, 2.99, 3, 2),
(1474, 3.25, 3, 3),
(1475, 1.15, 2, 3),
(1476, 2.99, 3, 3),
(1477, 8.25, 1, 3),
(1478, 6.15, 2, 3),
(1479, 1.99, 3, 3),
(1480, 4.25, 1, 1),
(1481, 6.15, 2, 1),
(1482, 2.99, 3, 1),
(1483, 4.25, 1, 2),
(1484, 6.15, 2, 2),
(1485, 2.99, 3, 2),
(1486, 4.25, 1, 2),
(1487, 6.15, 2, 2),
(1488, 2.99, 3, 2),
(1489, 3.25, 3, 3),
(1490, 1.15, 2, 3),
(1491, 2.99, 3, 3),
(1492, 8.25, 1, 3),
(1493, 6.15, 2, 3),
(1494, 1.99, 3, 3),
(1495, 4.25, 1, 1),
(1496, 6.15, 2, 1),
(1497, 2.99, 3, 1),
(1498, 4.25, 1, 2),
(1499, 6.15, 2, 2),
(1500, 2.99, 3, 2),
(1501, 4.25, 1, 2),
(1502, 6.15, 2, 2),
(1503, 2.99, 3, 2),
(1504, 3.25, 3, 3),
(1505, 1.15, 2, 3),
(1506, 2.99, 3, 3),
(1507, 8.25, 1, 3),
(1508, 6.15, 2, 3),
(1509, 1.99, 3, 3),
(1510, 4.25, 1, 1),
(1511, 6.15, 2, 1),
(1512, 2.99, 3, 1),
(1513, 4.25, 1, 2),
(1514, 6.15, 2, 2),
(1515, 2.99, 3, 2),
(1516, 4.25, 1, 2),
(1517, 6.15, 2, 2),
(1518, 2.99, 3, 2),
(1519, 3.25, 3, 3),
(1520, 1.15, 2, 3),
(1521, 2.99, 3, 3),
(1522, 8.25, 1, 3),
(1523, 6.15, 2, 3),
(1524, 1.99, 3, 3),
(1525, 4.25, 1, 1),
(1526, 6.15, 2, 1),
(1527, 2.99, 3, 1),
(1528, 4.25, 1, 2),
(1529, 6.15, 2, 2),
(1530, 2.99, 3, 2),
(1531, 4.25, 1, 2),
(1532, 6.15, 2, 2),
(1533, 2.99, 3, 2),
(1534, 3.25, 3, 3),
(1535, 1.15, 2, 3),
(1536, 2.99, 3, 3),
(1537, 8.25, 1, 3),
(1538, 6.15, 2, 3),
(1539, 1.99, 3, 3),
(1540, 4.25, 1, 1),
(1541, 6.15, 2, 1),
(1542, 2.99, 3, 1),
(1543, 4.25, 1, 2),
(1544, 6.15, 2, 2),
(1545, 2.99, 3, 2),
(1546, 4.25, 1, 2),
(1547, 6.15, 2, 2),
(1548, 2.99, 3, 2),
(1549, 3.25, 3, 3),
(1550, 1.15, 2, 3),
(1551, 2.99, 3, 3),
(1552, 8.25, 1, 3),
(1553, 6.15, 2, 3),
(1554, 1.99, 3, 3),
(1555, 4.25, 1, 1),
(1556, 6.15, 2, 1),
(1557, 2.99, 3, 1),
(1558, 4.25, 1, 2),
(1559, 6.15, 2, 2),
(1560, 2.99, 3, 2),
(1561, 4.25, 1, 2),
(1562, 6.15, 2, 2),
(1563, 2.99, 3, 2),
(1564, 3.25, 3, 3),
(1565, 1.15, 2, 3),
(1566, 2.99, 3, 3),
(1567, 8.25, 1, 3),
(1568, 6.15, 2, 3),
(1569, 1.99, 3, 3),
(1570, 4.25, 1, 1),
(1571, 6.15, 2, 1),
(1572, 2.99, 3, 1),
(1573, 4.25, 1, 2),
(1574, 6.15, 2, 2),
(1575, 2.99, 3, 2),
(1576, 4.25, 1, 2),
(1577, 6.15, 2, 2),
(1578, 2.99, 3, 2),
(1579, 3.25, 3, 3),
(1580, 1.15, 2, 3),
(1581, 2.99, 3, 3),
(1582, 8.25, 1, 3),
(1583, 6.15, 2, 3),
(1584, 1.99, 3, 3),
(1585, 4.25, 1, 1),
(1586, 6.15, 2, 1),
(1587, 2.99, 3, 1),
(1588, 4.25, 1, 2),
(1589, 6.15, 2, 2),
(1590, 2.99, 3, 2),
(1591, 4.25, 1, 2),
(1592, 6.15, 2, 2),
(1593, 2.99, 3, 2),
(1594, 3.25, 3, 3),
(1595, 1.15, 2, 3),
(1596, 2.99, 3, 3),
(1597, 8.25, 1, 3),
(1598, 6.15, 2, 3),
(1599, 1.99, 3, 3),
(1600, 4.25, 1, 1),
(1601, 6.15, 2, 1),
(1602, 2.99, 3, 1),
(1603, 4.25, 1, 2),
(1604, 6.15, 2, 2),
(1605, 2.99, 3, 2),
(1606, 4.25, 1, 2),
(1607, 6.15, 2, 2),
(1608, 2.99, 3, 2),
(1609, 3.25, 3, 3),
(1610, 1.15, 2, 3),
(1611, 2.99, 3, 3),
(1612, 8.25, 1, 3),
(1613, 6.15, 2, 3),
(1614, 1.99, 3, 3),
(1615, 4.25, 1, 1),
(1616, 6.15, 2, 1),
(1617, 2.99, 3, 1),
(1618, 4.25, 1, 2),
(1619, 6.15, 2, 2),
(1620, 2.99, 3, 2),
(1621, 4.25, 1, 2),
(1622, 6.15, 2, 2),
(1623, 2.99, 3, 2),
(1624, 3.25, 3, 3),
(1625, 1.15, 2, 3),
(1626, 2.99, 3, 3),
(1627, 8.25, 1, 3),
(1628, 6.15, 2, 3),
(1629, 1.99, 3, 3),
(1630, 4.25, 1, 1),
(1631, 6.15, 2, 1),
(1632, 2.99, 3, 1),
(1633, 4.25, 1, 2),
(1634, 6.15, 2, 2),
(1635, 2.99, 3, 2),
(1636, 4.25, 1, 2),
(1637, 6.15, 2, 2),
(1638, 2.99, 3, 2),
(1639, 3.25, 3, 3),
(1640, 1.15, 2, 3),
(1641, 2.99, 3, 3),
(1642, 8.25, 1, 3),
(1643, 6.15, 2, 3),
(1644, 1.99, 3, 3),
(1645, 4.25, 1, 1),
(1646, 6.15, 2, 1),
(1647, 2.99, 3, 1),
(1648, 4.25, 1, 2),
(1649, 6.15, 2, 2),
(1650, 2.99, 3, 2),
(1651, 4.25, 1, 2),
(1652, 6.15, 2, 2),
(1653, 2.99, 3, 2),
(1654, 3.25, 3, 3),
(1655, 1.15, 2, 3),
(1656, 2.99, 3, 3),
(1657, 8.25, 1, 3),
(1658, 6.15, 2, 3),
(1659, 1.99, 3, 3),
(1660, 4.25, 1, 1),
(1661, 6.15, 2, 1),
(1662, 2.99, 3, 1),
(1663, 4.25, 1, 2),
(1664, 6.15, 2, 2),
(1665, 2.99, 3, 2),
(1666, 4.25, 1, 2),
(1667, 6.15, 2, 2),
(1668, 2.99, 3, 2),
(1669, 3.25, 3, 3),
(1670, 1.15, 2, 3),
(1671, 2.99, 3, 3),
(1672, 8.25, 1, 3),
(1673, 6.15, 2, 3),
(1674, 1.99, 3, 3),
(1675, 4.25, 1, 1),
(1676, 6.15, 2, 1),
(1677, 2.99, 3, 1),
(1678, 4.25, 1, 2),
(1679, 6.15, 2, 2),
(1680, 2.99, 3, 2),
(1681, 4.25, 1, 2),
(1682, 6.15, 2, 2),
(1683, 2.99, 3, 2),
(1684, 3.25, 3, 3),
(1685, 1.15, 2, 3),
(1686, 2.99, 3, 3),
(1687, 8.25, 1, 3),
(1688, 6.15, 2, 3),
(1689, 1.99, 3, 3),
(1690, 4.25, 1, 1),
(1691, 6.15, 2, 1),
(1692, 2.99, 3, 1),
(1693, 4.25, 1, 2),
(1694, 6.15, 2, 2),
(1695, 2.99, 3, 2),
(1696, 4.25, 1, 2),
(1697, 6.15, 2, 2),
(1698, 2.99, 3, 2),
(1699, 3.25, 3, 3),
(1700, 1.15, 2, 3),
(1701, 2.99, 3, 3),
(1702, 8.25, 1, 3),
(1703, 6.15, 2, 3),
(1704, 1.99, 3, 3),
(1705, 4.25, 1, 1),
(1706, 6.15, 2, 1),
(1707, 2.99, 3, 1),
(1708, 4.25, 1, 2),
(1709, 6.15, 2, 2),
(1710, 2.99, 3, 2),
(1711, 4.25, 1, 2),
(1712, 6.15, 2, 2),
(1713, 2.99, 3, 2),
(1714, 3.25, 3, 3),
(1715, 1.15, 2, 3),
(1716, 2.99, 3, 3),
(1717, 8.25, 1, 3),
(1718, 6.15, 2, 3),
(1719, 1.99, 3, 3),
(1720, 4.25, 1, 1),
(1721, 6.15, 2, 1),
(1722, 2.99, 3, 1),
(1723, 4.25, 1, 2),
(1724, 6.15, 2, 2),
(1725, 2.99, 3, 2),
(1726, 4.25, 1, 2),
(1727, 6.15, 2, 2),
(1728, 2.99, 3, 2),
(1729, 3.25, 3, 3),
(1730, 1.15, 2, 3),
(1731, 2.99, 3, 3),
(1732, 8.25, 1, 3),
(1733, 6.15, 2, 3),
(1734, 1.99, 3, 3),
(1735, 4.25, 1, 1),
(1736, 6.15, 2, 1),
(1737, 2.99, 3, 1),
(1738, 4.25, 1, 2),
(1739, 6.15, 2, 2),
(1740, 2.99, 3, 2),
(1741, 4.25, 1, 2),
(1742, 6.15, 2, 2),
(1743, 2.99, 3, 2),
(1744, 3.25, 3, 3),
(1745, 1.15, 2, 3),
(1746, 2.99, 3, 3),
(1747, 8.25, 1, 3),
(1748, 6.15, 2, 3),
(1749, 1.99, 3, 3),
(1750, 4.25, 1, 1),
(1751, 6.15, 2, 1),
(1752, 2.99, 3, 1),
(1753, 4.25, 1, 2),
(1754, 6.15, 2, 2),
(1755, 2.99, 3, 2),
(1756, 4.25, 1, 2),
(1757, 6.15, 2, 2),
(1758, 2.99, 3, 2),
(1759, 3.25, 3, 3),
(1760, 1.15, 2, 3),
(1761, 2.99, 3, 3),
(1762, 8.25, 1, 3),
(1763, 6.15, 2, 3),
(1764, 1.99, 3, 3),
(1765, 4.25, 1, 1),
(1766, 6.15, 2, 1),
(1767, 2.99, 3, 1),
(1768, 4.25, 1, 2),
(1769, 6.15, 2, 2),
(1770, 2.99, 3, 2),
(1771, 4.25, 1, 2),
(1772, 6.15, 2, 2),
(1773, 2.99, 3, 2),
(1774, 3.25, 3, 3),
(1775, 1.15, 2, 3),
(1776, 2.99, 3, 3),
(1777, 8.25, 1, 3),
(1778, 6.15, 2, 3),
(1779, 1.99, 3, 3),
(1780, 4.25, 1, 1),
(1781, 6.15, 2, 1),
(1782, 2.99, 3, 1),
(1783, 4.25, 1, 2),
(1784, 6.15, 2, 2),
(1785, 2.99, 3, 2),
(1786, 4.25, 1, 2),
(1787, 6.15, 2, 2),
(1788, 2.99, 3, 2),
(1789, 3.25, 3, 3),
(1790, 1.15, 2, 3),
(1791, 2.99, 3, 3),
(1792, 8.25, 1, 3),
(1793, 6.15, 2, 3),
(1794, 1.99, 3, 3),
(1795, 4.25, 1, 1),
(1796, 6.15, 2, 1),
(1797, 2.99, 3, 1),
(1798, 4.25, 1, 2),
(1799, 6.15, 2, 2),
(1800, 2.99, 3, 2),
(1801, 4.25, 1, 2),
(1802, 6.15, 2, 2),
(1803, 2.99, 3, 2),
(1804, 3.25, 3, 3),
(1805, 1.15, 2, 3),
(1806, 2.99, 3, 3),
(1807, 8.25, 1, 3),
(1808, 6.15, 2, 3),
(1809, 1.99, 3, 3),
(1810, 4.25, 1, 1),
(1811, 6.15, 2, 1),
(1812, 2.99, 3, 1),
(1813, 4.25, 1, 2),
(1814, 6.15, 2, 2),
(1815, 2.99, 3, 2),
(1816, 4.25, 1, 2),
(1817, 6.15, 2, 2),
(1818, 2.99, 3, 2),
(1819, 3.25, 3, 3),
(1820, 1.15, 2, 3),
(1821, 2.99, 3, 3),
(1822, 8.25, 1, 3),
(1823, 6.15, 2, 3),
(1824, 1.99, 3, 3),
(1825, 4.25, 1, 1),
(1826, 6.15, 2, 1),
(1827, 2.99, 3, 1),
(1828, 4.25, 1, 2),
(1829, 6.15, 2, 2),
(1830, 2.99, 3, 2),
(1831, 4.25, 1, 2),
(1832, 6.15, 2, 2),
(1833, 2.99, 3, 2),
(1834, 3.25, 3, 3),
(1835, 1.15, 2, 3),
(1836, 2.99, 3, 3),
(1837, 8.25, 1, 3),
(1838, 6.15, 2, 3),
(1839, 1.99, 3, 3),
(1840, 4.25, 1, 1),
(1841, 6.15, 2, 1),
(1842, 2.99, 3, 1),
(1843, 4.25, 1, 2),
(1844, 6.15, 2, 2),
(1845, 2.99, 3, 2),
(1846, 4.25, 1, 2),
(1847, 6.15, 2, 2),
(1848, 2.99, 3, 2),
(1849, 3.25, 3, 3),
(1850, 1.15, 2, 3),
(1851, 2.99, 3, 3),
(1852, 8.25, 1, 3),
(1853, 6.15, 2, 3),
(1854, 1.99, 3, 3),
(1855, 4.25, 1, 1),
(1856, 6.15, 2, 1),
(1857, 2.99, 3, 1),
(1858, 4.25, 1, 2),
(1859, 6.15, 2, 2),
(1860, 2.99, 3, 2),
(1861, 4.25, 1, 2),
(1862, 6.15, 2, 2),
(1863, 2.99, 3, 2),
(1864, 3.25, 3, 3),
(1865, 1.15, 2, 3),
(1866, 2.99, 3, 3),
(1867, 8.25, 1, 3),
(1868, 6.15, 2, 3),
(1869, 1.99, 3, 3),
(1870, 4.25, 1, 1),
(1871, 6.15, 2, 1),
(1872, 2.99, 3, 1),
(1873, 4.25, 1, 2),
(1874, 6.15, 2, 2),
(1875, 2.99, 3, 2),
(1876, 4.25, 1, 2),
(1877, 6.15, 2, 2),
(1878, 2.99, 3, 2),
(1879, 3.25, 3, 3),
(1880, 1.15, 2, 3),
(1881, 2.99, 3, 3),
(1882, 8.25, 1, 3),
(1883, 6.15, 2, 3),
(1884, 1.99, 3, 3),
(1885, 4.25, 1, 1),
(1886, 6.15, 2, 1),
(1887, 2.99, 3, 1),
(1888, 4.25, 1, 2),
(1889, 6.15, 2, 2),
(1890, 2.99, 3, 2),
(1891, 4.25, 1, 2),
(1892, 6.15, 2, 2),
(1893, 2.99, 3, 2),
(1894, 3.25, 3, 3),
(1895, 1.15, 2, 3),
(1896, 2.99, 3, 3),
(1897, 8.25, 1, 3),
(1898, 6.15, 2, 3),
(1899, 1.99, 3, 3),
(1900, 4.25, 1, 1),
(1901, 6.15, 2, 1),
(1902, 2.99, 3, 1),
(1903, 4.25, 1, 2),
(1904, 6.15, 2, 2),
(1905, 2.99, 3, 2),
(1906, 4.25, 1, 2),
(1907, 6.15, 2, 2),
(1908, 2.99, 3, 2),
(1909, 3.25, 3, 3),
(1910, 1.15, 2, 3),
(1911, 2.99, 3, 3),
(1912, 8.25, 1, 3),
(1913, 6.15, 2, 3),
(1914, 1.99, 3, 3),
(1915, 4.25, 1, 1),
(1916, 6.15, 2, 1),
(1917, 2.99, 3, 1),
(1918, 4.25, 1, 2),
(1919, 6.15, 2, 2),
(1920, 2.99, 3, 2),
(1921, 4.25, 1, 2),
(1922, 6.15, 2, 2),
(1923, 2.99, 3, 2),
(1924, 3.25, 3, 3),
(1925, 1.15, 2, 3),
(1926, 2.99, 3, 3),
(1927, 8.25, 1, 3),
(1928, 6.15, 2, 3),
(1929, 1.99, 3, 3),
(1930, 4.25, 1, 1),
(1931, 6.15, 2, 1),
(1932, 2.99, 3, 1),
(1933, 4.25, 1, 2),
(1934, 6.15, 2, 2),
(1935, 2.99, 3, 2),
(1936, 4.25, 1, 2),
(1937, 6.15, 2, 2),
(1938, 2.99, 3, 2),
(1939, 3.25, 3, 3),
(1940, 1.15, 2, 3),
(1941, 2.99, 3, 3),
(1942, 8.25, 1, 3),
(1943, 6.15, 2, 3),
(1944, 1.99, 3, 3),
(1945, 4.25, 1, 1),
(1946, 6.15, 2, 1),
(1947, 2.99, 3, 1),
(1948, 4.25, 1, 2),
(1949, 6.15, 2, 2),
(1950, 2.99, 3, 2),
(1951, 4.25, 1, 2),
(1952, 6.15, 2, 2),
(1953, 2.99, 3, 2),
(1954, 3.25, 3, 3),
(1955, 1.15, 2, 3),
(1956, 2.99, 3, 3),
(1957, 8.25, 1, 3),
(1958, 6.15, 2, 3),
(1959, 1.99, 3, 3),
(1960, 4.25, 1, 1),
(1961, 6.15, 2, 1),
(1962, 2.99, 3, 1),
(1963, 4.25, 1, 2),
(1964, 6.15, 2, 2),
(1965, 2.99, 3, 2),
(1966, 4.25, 1, 2),
(1967, 6.15, 2, 2),
(1968, 2.99, 3, 2),
(1969, 3.25, 3, 3),
(1970, 1.15, 2, 3),
(1971, 2.99, 3, 3),
(1972, 8.25, 1, 3),
(1973, 6.15, 2, 3),
(1974, 1.99, 3, 3),
(1975, 4.25, 1, 1),
(1976, 6.15, 2, 1),
(1977, 2.99, 3, 1),
(1978, 4.25, 1, 2),
(1979, 6.15, 2, 2),
(1980, 2.99, 3, 2),
(1981, 4.25, 1, 2),
(1982, 6.15, 2, 2),
(1983, 2.99, 3, 2),
(1984, 3.25, 3, 3),
(1985, 1.15, 2, 3),
(1986, 2.99, 3, 3),
(1987, 8.25, 1, 3),
(1988, 6.15, 2, 3),
(1989, 1.99, 3, 3),
(1990, 4.25, 1, 1),
(1991, 6.15, 2, 1),
(1992, 2.99, 3, 1),
(1993, 4.25, 1, 2),
(1994, 6.15, 2, 2),
(1995, 2.99, 3, 2),
(1996, 4.25, 1, 2),
(1997, 6.15, 2, 2),
(1998, 2.99, 3, 2),
(1999, 3.25, 3, 3),
(2000, 1.15, 2, 3),
(2001, 2.99, 3, 3),
(2002, 8.25, 1, 3),
(2003, 6.15, 2, 3),
(2004, 1.99, 3, 3),
(2005, 4.25, 1, 1),
(2006, 6.15, 2, 1),
(2007, 2.99, 3, 1),
(2008, 4.25, 1, 2),
(2009, 6.15, 2, 2),
(2010, 2.99, 3, 2),
(2011, 4.25, 1, 2),
(2012, 6.15, 2, 2),
(2013, 2.99, 3, 2),
(2014, 3.25, 3, 3),
(2015, 1.15, 2, 3),
(2016, 2.99, 3, 3),
(2017, 8.25, 1, 3),
(2018, 6.15, 2, 3),
(2019, 1.99, 3, 3),
(2020, 4.25, 1, 1),
(2021, 6.15, 2, 1),
(2022, 2.99, 3, 1),
(2023, 4.25, 1, 2),
(2024, 6.15, 2, 2),
(2025, 2.99, 3, 2),
(2026, 4.25, 1, 2),
(2027, 6.15, 2, 2),
(2028, 2.99, 3, 2),
(2029, 3.25, 3, 3),
(2030, 1.15, 2, 3),
(2031, 2.99, 3, 3),
(2032, 8.25, 1, 3),
(2033, 6.15, 2, 3),
(2034, 1.99, 3, 3),
(2035, 4.25, 1, 1),
(2036, 6.15, 2, 1),
(2037, 2.99, 3, 1),
(2038, 4.25, 1, 2),
(2039, 6.15, 2, 2),
(2040, 2.99, 3, 2),
(2041, 4.25, 1, 2),
(2042, 6.15, 2, 2),
(2043, 2.99, 3, 2),
(2044, 3.25, 3, 3),
(2045, 1.15, 2, 3),
(2046, 2.99, 3, 3),
(2047, 8.25, 1, 3),
(2048, 6.15, 2, 3),
(2049, 1.99, 3, 3),
(2050, 4.25, 1, 1),
(2051, 6.15, 2, 1),
(2052, 2.99, 3, 1),
(2053, 4.25, 1, 2),
(2054, 6.15, 2, 2),
(2055, 2.99, 3, 2),
(2056, 4.25, 1, 2),
(2057, 6.15, 2, 2),
(2058, 2.99, 3, 2),
(2059, 3.25, 3, 3),
(2060, 1.15, 2, 3),
(2061, 2.99, 3, 3),
(2062, 8.25, 1, 3),
(2063, 6.15, 2, 3),
(2064, 1.99, 3, 3),
(2065, 4.25, 1, 1),
(2066, 6.15, 2, 1),
(2067, 2.99, 3, 1),
(2068, 4.25, 1, 2),
(2069, 6.15, 2, 2),
(2070, 2.99, 3, 2),
(2071, 4.25, 1, 2),
(2072, 6.15, 2, 2),
(2073, 2.99, 3, 2),
(2074, 3.25, 3, 3),
(2075, 1.15, 2, 3),
(2076, 2.99, 3, 3),
(2077, 8.25, 1, 3),
(2078, 6.15, 2, 3),
(2079, 1.99, 3, 3),
(2080, 4.25, 1, 1),
(2081, 6.15, 2, 1),
(2082, 2.99, 3, 1),
(2083, 4.25, 1, 2),
(2084, 6.15, 2, 2),
(2085, 2.99, 3, 2),
(2086, 4.25, 1, 2),
(2087, 6.15, 2, 2),
(2088, 2.99, 3, 2),
(2089, 3.25, 3, 3),
(2090, 1.15, 2, 3),
(2091, 2.99, 3, 3),
(2092, 8.25, 1, 3),
(2093, 6.15, 2, 3),
(2094, 1.99, 3, 3),
(2095, 4.25, 1, 1),
(2096, 6.15, 2, 1),
(2097, 2.99, 3, 1),
(2098, 4.25, 1, 2),
(2099, 6.15, 2, 2),
(2100, 2.99, 3, 2),
(2101, 4.25, 1, 2),
(2102, 6.15, 2, 2),
(2103, 2.99, 3, 2),
(2104, 3.25, 3, 3),
(2105, 1.15, 2, 3),
(2106, 2.99, 3, 3),
(2107, 8.25, 1, 3),
(2108, 6.15, 2, 3),
(2109, 1.99, 3, 3),
(2110, 4.25, 1, 1),
(2111, 6.15, 2, 1),
(2112, 2.99, 3, 1),
(2113, 4.25, 1, 2),
(2114, 6.15, 2, 2),
(2115, 2.99, 3, 2),
(2116, 4.25, 1, 2),
(2117, 6.15, 2, 2),
(2118, 2.99, 3, 2),
(2119, 3.25, 3, 3),
(2120, 1.15, 2, 3),
(2121, 2.99, 3, 3),
(2122, 8.25, 1, 3),
(2123, 6.15, 2, 3),
(2124, 1.99, 3, 3),
(2125, 4.25, 1, 1),
(2126, 6.15, 2, 1),
(2127, 2.99, 3, 1),
(2128, 4.25, 1, 2),
(2129, 6.15, 2, 2),
(2130, 2.99, 3, 2),
(2131, 4.25, 1, 2),
(2132, 6.15, 2, 2),
(2133, 2.99, 3, 2),
(2134, 3.25, 3, 3),
(2135, 1.15, 2, 3),
(2136, 2.99, 3, 3),
(2137, 8.25, 1, 3),
(2138, 6.15, 2, 3),
(2139, 1.99, 3, 3),
(2140, 4.25, 1, 1),
(2141, 6.15, 2, 1),
(2142, 2.99, 3, 1),
(2143, 4.25, 1, 2),
(2144, 6.15, 2, 2),
(2145, 2.99, 3, 2),
(2146, 4.25, 1, 2),
(2147, 6.15, 2, 2),
(2148, 2.99, 3, 2),
(2149, 3.25, 3, 3),
(2150, 1.15, 2, 3),
(2151, 2.99, 3, 3),
(2152, 8.25, 1, 3),
(2153, 6.15, 2, 3),
(2154, 1.99, 3, 3),
(2155, 4.25, 1, 1),
(2156, 6.15, 2, 1),
(2157, 2.99, 3, 1),
(2158, 4.25, 1, 2),
(2159, 6.15, 2, 2),
(2160, 2.99, 3, 2),
(2161, 4.25, 1, 2),
(2162, 6.15, 2, 2),
(2163, 2.99, 3, 2),
(2164, 3.25, 3, 3),
(2165, 1.15, 2, 3),
(2166, 2.99, 3, 3),
(2167, 8.25, 1, 3),
(2168, 6.15, 2, 3),
(2169, 1.99, 3, 3),
(2170, 4.25, 1, 1),
(2171, 6.15, 2, 1),
(2172, 2.99, 3, 1),
(2173, 4.25, 1, 2),
(2174, 6.15, 2, 2),
(2175, 2.99, 3, 2),
(2176, 4.25, 1, 2),
(2177, 6.15, 2, 2),
(2178, 2.99, 3, 2),
(2179, 3.25, 3, 3),
(2180, 1.15, 2, 3),
(2181, 2.99, 3, 3),
(2182, 8.25, 1, 3),
(2183, 6.15, 2, 3),
(2184, 1.99, 3, 3),
(2185, 4.25, 1, 1),
(2186, 6.15, 2, 1),
(2187, 2.99, 3, 1),
(2188, 4.25, 1, 2),
(2189, 6.15, 2, 2),
(2190, 2.99, 3, 2),
(2191, 4.25, 1, 2),
(2192, 6.15, 2, 2),
(2193, 2.99, 3, 2),
(2194, 3.25, 3, 3),
(2195, 1.15, 2, 3),
(2196, 2.99, 3, 3),
(2197, 8.25, 1, 3),
(2198, 6.15, 2, 3),
(2199, 1.99, 3, 3),
(2200, 4.25, 1, 1),
(2201, 6.15, 2, 1),
(2202, 2.99, 3, 1),
(2203, 4.25, 1, 2),
(2204, 6.15, 2, 2),
(2205, 2.99, 3, 2),
(2206, 4.25, 1, 2),
(2207, 6.15, 2, 2),
(2208, 2.99, 3, 2),
(2209, 3.25, 3, 3),
(2210, 1.15, 2, 3),
(2211, 2.99, 3, 3),
(2212, 8.25, 1, 3),
(2213, 6.15, 2, 3),
(2214, 1.99, 3, 3),
(2215, 4.25, 1, 1),
(2216, 6.15, 2, 1),
(2217, 2.99, 3, 1),
(2218, 4.25, 1, 2),
(2219, 6.15, 2, 2),
(2220, 2.99, 3, 2),
(2221, 4.25, 1, 2),
(2222, 6.15, 2, 2),
(2223, 2.99, 3, 2),
(2224, 3.25, 3, 3),
(2225, 1.15, 2, 3),
(2226, 2.99, 3, 3),
(2227, 8.25, 1, 3),
(2228, 6.15, 2, 3),
(2229, 1.99, 3, 3),
(2230, 4.25, 1, 1),
(2231, 6.15, 2, 1),
(2232, 2.99, 3, 1),
(2233, 4.25, 1, 2),
(2234, 6.15, 2, 2),
(2235, 2.99, 3, 2),
(2236, 4.25, 1, 2),
(2237, 6.15, 2, 2),
(2238, 2.99, 3, 2),
(2239, 3.25, 3, 3),
(2240, 1.15, 2, 3),
(2241, 2.99, 3, 3),
(2242, 8.25, 1, 3),
(2243, 6.15, 2, 3),
(2244, 1.99, 3, 3),
(2245, 4.25, 1, 1),
(2246, 6.15, 2, 1),
(2247, 2.99, 3, 1),
(2248, 4.25, 1, 2),
(2249, 6.15, 2, 2),
(2250, 2.99, 3, 2),
(2251, 4.25, 1, 2),
(2252, 6.15, 2, 2),
(2253, 2.99, 3, 2),
(2254, 3.25, 3, 3),
(2255, 1.15, 2, 3),
(2256, 2.99, 3, 3),
(2257, 8.25, 1, 3),
(2258, 6.15, 2, 3),
(2259, 1.99, 3, 3),
(2260, 4.25, 1, 1),
(2261, 6.15, 2, 1),
(2262, 2.99, 3, 1),
(2263, 4.25, 1, 2),
(2264, 6.15, 2, 2),
(2265, 2.99, 3, 2),
(2266, 4.25, 1, 2),
(2267, 6.15, 2, 2),
(2268, 2.99, 3, 2),
(2269, 3.25, 3, 3),
(2270, 1.15, 2, 3),
(2271, 2.99, 3, 3),
(2272, 8.25, 1, 3),
(2273, 6.15, 2, 3),
(2274, 1.99, 3, 3),
(2275, 4.25, 1, 1),
(2276, 6.15, 2, 1),
(2277, 2.99, 3, 1),
(2278, 4.25, 1, 2),
(2279, 6.15, 2, 2),
(2280, 2.99, 3, 2),
(2281, 4.25, 1, 2),
(2282, 6.15, 2, 2),
(2283, 2.99, 3, 2),
(2284, 3.25, 3, 3),
(2285, 1.15, 2, 3),
(2286, 2.99, 3, 3),
(2287, 8.25, 1, 3),
(2288, 6.15, 2, 3),
(2289, 1.99, 3, 3),
(2290, 4.25, 1, 1),
(2291, 6.15, 2, 1),
(2292, 2.99, 3, 1),
(2293, 4.25, 1, 2),
(2294, 6.15, 2, 2),
(2295, 2.99, 3, 2),
(2296, 4.25, 1, 2),
(2297, 6.15, 2, 2),
(2298, 2.99, 3, 2),
(2299, 3.25, 3, 3),
(2300, 1.15, 2, 3),
(2301, 2.99, 3, 3),
(2302, 8.25, 1, 3),
(2303, 6.15, 2, 3),
(2304, 1.99, 3, 3),
(2305, 4.25, 1, 1),
(2306, 6.15, 2, 1),
(2307, 2.99, 3, 1),
(2308, 4.25, 1, 2),
(2309, 6.15, 2, 2),
(2310, 2.99, 3, 2),
(2311, 4.25, 1, 2),
(2312, 6.15, 2, 2),
(2313, 2.99, 3, 2),
(2314, 3.25, 3, 3),
(2315, 1.15, 2, 3),
(2316, 2.99, 3, 3),
(2317, 8.25, 1, 3),
(2318, 6.15, 2, 3),
(2319, 1.99, 3, 3),
(2320, 4.25, 1, 1),
(2321, 6.15, 2, 1),
(2322, 2.99, 3, 1),
(2323, 4.25, 1, 2),
(2324, 6.15, 2, 2),
(2325, 2.99, 3, 2),
(2326, 4.25, 1, 2),
(2327, 6.15, 2, 2),
(2328, 2.99, 3, 2),
(2329, 3.25, 3, 3),
(2330, 1.15, 2, 3),
(2331, 2.99, 3, 3),
(2332, 8.25, 1, 3),
(2333, 6.15, 2, 3),
(2334, 1.99, 3, 3),
(2335, 4.25, 1, 1),
(2336, 6.15, 2, 1),
(2337, 2.99, 3, 1),
(2338, 4.25, 1, 2),
(2339, 6.15, 2, 2),
(2340, 2.99, 3, 2),
(2341, 4.25, 1, 2),
(2342, 6.15, 2, 2),
(2343, 2.99, 3, 2),
(2344, 3.25, 3, 3),
(2345, 1.15, 2, 3),
(2346, 2.99, 3, 3),
(2347, 8.25, 1, 3),
(2348, 6.15, 2, 3),
(2349, 1.99, 3, 3),
(2350, 4.25, 1, 1),
(2351, 6.15, 2, 1),
(2352, 2.99, 3, 1),
(2353, 4.25, 1, 2),
(2354, 6.15, 2, 2),
(2355, 2.99, 3, 2),
(2356, 4.25, 1, 2),
(2357, 6.15, 2, 2),
(2358, 2.99, 3, 2),
(2359, 3.25, 3, 3),
(2360, 1.15, 2, 3),
(2361, 2.99, 3, 3),
(2362, 8.25, 1, 3),
(2363, 6.15, 2, 3),
(2364, 1.99, 3, 3),
(2365, 4.25, 1, 1),
(2366, 6.15, 2, 1),
(2367, 2.99, 3, 1),
(2368, 4.25, 1, 2),
(2369, 6.15, 2, 2),
(2370, 2.99, 3, 2),
(2371, 4.25, 1, 2),
(2372, 6.15, 2, 2),
(2373, 2.99, 3, 2),
(2374, 3.25, 3, 3),
(2375, 1.15, 2, 3),
(2376, 2.99, 3, 3),
(2377, 8.25, 1, 3),
(2378, 6.15, 2, 3),
(2379, 1.99, 3, 3),
(2380, 4.25, 1, 1),
(2381, 6.15, 2, 1),
(2382, 2.99, 3, 1),
(2383, 4.25, 1, 2),
(2384, 6.15, 2, 2),
(2385, 2.99, 3, 2),
(2386, 4.25, 1, 2),
(2387, 6.15, 2, 2),
(2388, 2.99, 3, 2),
(2389, 3.25, 3, 3),
(2390, 1.15, 2, 3),
(2391, 2.99, 3, 3),
(2392, 8.25, 1, 3),
(2393, 6.15, 2, 3),
(2394, 1.99, 3, 3),
(2395, 4.25, 1, 1),
(2396, 6.15, 2, 1),
(2397, 2.99, 3, 1),
(2398, 4.25, 1, 2),
(2399, 6.15, 2, 2),
(2400, 2.99, 3, 2),
(2401, 4.25, 1, 2),
(2402, 6.15, 2, 2),
(2403, 2.99, 3, 2),
(2404, 3.25, 3, 3),
(2405, 1.15, 2, 3),
(2406, 2.99, 3, 3),
(2407, 8.25, 1, 3),
(2408, 6.15, 2, 3),
(2409, 1.99, 3, 3),
(2410, 4.25, 1, 1),
(2411, 6.15, 2, 1),
(2412, 2.99, 3, 1),
(2413, 4.25, 1, 2),
(2414, 6.15, 2, 2),
(2415, 2.99, 3, 2),
(2416, 4.25, 1, 2),
(2417, 6.15, 2, 2),
(2418, 2.99, 3, 2),
(2419, 3.25, 3, 3),
(2420, 1.15, 2, 3),
(2421, 2.99, 3, 3),
(2422, 8.25, 1, 3),
(2423, 6.15, 2, 3),
(2424, 1.99, 3, 3),
(2425, 4.25, 1, 1),
(2426, 6.15, 2, 1),
(2427, 2.99, 3, 1),
(2428, 4.25, 1, 2),
(2429, 6.15, 2, 2),
(2430, 2.99, 3, 2),
(2431, 4.25, 1, 2),
(2432, 6.15, 2, 2),
(2433, 2.99, 3, 2),
(2434, 3.25, 3, 3),
(2435, 1.15, 2, 3),
(2436, 2.99, 3, 3),
(2437, 8.25, 1, 3),
(2438, 6.15, 2, 3),
(2439, 1.99, 3, 3),
(2440, 4.25, 1, 1),
(2441, 6.15, 2, 1),
(2442, 2.99, 3, 1),
(2443, 4.25, 1, 2),
(2444, 6.15, 2, 2),
(2445, 2.99, 3, 2),
(2446, 4.25, 1, 2),
(2447, 6.15, 2, 2),
(2448, 2.99, 3, 2),
(2449, 3.25, 3, 3),
(2450, 1.15, 2, 3),
(2451, 2.99, 3, 3),
(2452, 8.25, 1, 3),
(2453, 6.15, 2, 3),
(2454, 1.99, 3, 3),
(2455, 4.25, 1, 1),
(2456, 6.15, 2, 1),
(2457, 2.99, 3, 1),
(2458, 4.25, 1, 2),
(2459, 6.15, 2, 2),
(2460, 2.99, 3, 2),
(2461, 4.25, 1, 2),
(2462, 6.15, 2, 2),
(2463, 2.99, 3, 2),
(2464, 3.25, 3, 3),
(2465, 1.15, 2, 3),
(2466, 2.99, 3, 3),
(2467, 8.25, 1, 3),
(2468, 6.15, 2, 3),
(2469, 1.99, 3, 3),
(2470, 4.25, 1, 1),
(2471, 6.15, 2, 1),
(2472, 2.99, 3, 1),
(2473, 4.25, 1, 2),
(2474, 6.15, 2, 2),
(2475, 2.99, 3, 2),
(2476, 4.25, 1, 2),
(2477, 6.15, 2, 2),
(2478, 2.99, 3, 2),
(2479, 3.25, 3, 3),
(2480, 1.15, 2, 3),
(2481, 2.99, 3, 3),
(2482, 8.25, 1, 3),
(2483, 6.15, 2, 3),
(2484, 1.99, 3, 3),
(2485, 4.25, 1, 1),
(2486, 6.15, 2, 1),
(2487, 2.99, 3, 1),
(2488, 4.25, 1, 2),
(2489, 6.15, 2, 2),
(2490, 2.99, 3, 2),
(2491, 4.25, 1, 2),
(2492, 6.15, 2, 2),
(2493, 2.99, 3, 2),
(2494, 3.25, 3, 3),
(2495, 1.15, 2, 3),
(2496, 2.99, 3, 3),
(2497, 8.25, 1, 3),
(2498, 6.15, 2, 3),
(2499, 1.99, 3, 3),
(2500, 4.25, 1, 1),
(2501, 6.15, 2, 1),
(2502, 2.99, 3, 1),
(2503, 4.25, 1, 2),
(2504, 6.15, 2, 2),
(2505, 2.99, 3, 2),
(2506, 4.25, 1, 2),
(2507, 6.15, 2, 2),
(2508, 2.99, 3, 2),
(2509, 3.25, 3, 3),
(2510, 1.15, 2, 3),
(2511, 2.99, 3, 3),
(2512, 8.25, 1, 3),
(2513, 6.15, 2, 3),
(2514, 1.99, 3, 3),
(2515, 4.25, 1, 1),
(2516, 6.15, 2, 1),
(2517, 2.99, 3, 1),
(2518, 4.25, 1, 2),
(2519, 6.15, 2, 2),
(2520, 2.99, 3, 2),
(2521, 4.25, 1, 2),
(2522, 6.15, 2, 2),
(2523, 2.99, 3, 2),
(2524, 3.25, 3, 3),
(2525, 1.15, 2, 3),
(2526, 2.99, 3, 3),
(2527, 8.25, 1, 3),
(2528, 6.15, 2, 3),
(2529, 1.99, 3, 3),
(2530, 4.25, 1, 1),
(2531, 6.15, 2, 1),
(2532, 2.99, 3, 1),
(2533, 4.25, 1, 2),
(2534, 6.15, 2, 2),
(2535, 2.99, 3, 2),
(2536, 4.25, 1, 2),
(2537, 6.15, 2, 2),
(2538, 2.99, 3, 2),
(2539, 3.25, 3, 3),
(2540, 1.15, 2, 3),
(2541, 2.99, 3, 3),
(2542, 8.25, 1, 3),
(2543, 6.15, 2, 3),
(2544, 1.99, 3, 3),
(2545, 4.25, 1, 1),
(2546, 6.15, 2, 1),
(2547, 2.99, 3, 1),
(2548, 4.25, 1, 2),
(2549, 6.15, 2, 2),
(2550, 2.99, 3, 2),
(2551, 4.25, 1, 2),
(2552, 6.15, 2, 2),
(2553, 2.99, 3, 2),
(2554, 3.25, 3, 3),
(2555, 1.15, 2, 3),
(2556, 2.99, 3, 3),
(2557, 8.25, 1, 3),
(2558, 6.15, 2, 3),
(2559, 1.99, 3, 3),
(2560, 4.25, 1, 1),
(2561, 6.15, 2, 1),
(2562, 2.99, 3, 1),
(2563, 4.25, 1, 2),
(2564, 6.15, 2, 2),
(2565, 2.99, 3, 2),
(2566, 4.25, 1, 2),
(2567, 6.15, 2, 2),
(2568, 2.99, 3, 2),
(2569, 3.25, 3, 3),
(2570, 1.15, 2, 3),
(2571, 2.99, 3, 3),
(2572, 8.25, 1, 3),
(2573, 6.15, 2, 3),
(2574, 1.99, 3, 3),
(2575, 4.25, 1, 1),
(2576, 6.15, 2, 1),
(2577, 2.99, 3, 1),
(2578, 4.25, 1, 2),
(2579, 6.15, 2, 2),
(2580, 2.99, 3, 2),
(2581, 4.25, 1, 2),
(2582, 6.15, 2, 2),
(2583, 2.99, 3, 2),
(2584, 3.25, 3, 3),
(2585, 1.15, 2, 3),
(2586, 2.99, 3, 3),
(2587, 8.25, 1, 3),
(2588, 6.15, 2, 3),
(2589, 1.99, 3, 3),
(2590, 4.25, 1, 1),
(2591, 6.15, 2, 1),
(2592, 2.99, 3, 1),
(2593, 4.25, 1, 2),
(2594, 6.15, 2, 2),
(2595, 2.99, 3, 2),
(2596, 4.25, 1, 2),
(2597, 6.15, 2, 2),
(2598, 2.99, 3, 2),
(2599, 3.25, 3, 3),
(2600, 1.15, 2, 3),
(2601, 2.99, 3, 3),
(2602, 8.25, 1, 3),
(2603, 6.15, 2, 3),
(2604, 1.99, 3, 3),
(2605, 4.25, 1, 1),
(2606, 6.15, 2, 1),
(2607, 2.99, 3, 1),
(2608, 4.25, 1, 2),
(2609, 6.15, 2, 2),
(2610, 2.99, 3, 2),
(2611, 4.25, 1, 2),
(2612, 6.15, 2, 2),
(2613, 2.99, 3, 2),
(2614, 3.25, 3, 3),
(2615, 1.15, 2, 3),
(2616, 2.99, 3, 3),
(2617, 8.25, 1, 3),
(2618, 6.15, 2, 3),
(2619, 1.99, 3, 3),
(2620, 4.25, 1, 1),
(2621, 6.15, 2, 1),
(2622, 2.99, 3, 1),
(2623, 4.25, 1, 2),
(2624, 6.15, 2, 2),
(2625, 2.99, 3, 2),
(2626, 4.25, 1, 2),
(2627, 6.15, 2, 2),
(2628, 2.99, 3, 2),
(2629, 3.25, 3, 3),
(2630, 1.15, 2, 3),
(2631, 2.99, 3, 3),
(2632, 8.25, 1, 3),
(2633, 6.15, 2, 3),
(2634, 1.99, 3, 3),
(2635, 4.25, 1, 1),
(2636, 6.15, 2, 1),
(2637, 2.99, 3, 1),
(2638, 4.25, 1, 2),
(2639, 6.15, 2, 2),
(2640, 2.99, 3, 2),
(2641, 4.25, 1, 2),
(2642, 6.15, 2, 2),
(2643, 2.99, 3, 2),
(2644, 3.25, 3, 3),
(2645, 1.15, 2, 3),
(2646, 2.99, 3, 3),
(2647, 8.25, 1, 3),
(2648, 6.15, 2, 3),
(2649, 1.99, 3, 3);

-- --------------------------------------------------------

--
-- Struktura tabeli dla tabeli `roles`
--

CREATE TABLE `roles` (
  `id` bigint(20) NOT NULL,
  `name` varchar(255) NOT NULL
) ENGINE=InnoDB DEFAULT CHARSET=utf8mb4 COLLATE=utf8mb4_general_ci;

--
-- Dumping data for table `roles`
--

INSERT INTO `roles` (`id`, `name`) VALUES
(1, 'ROLE_ADMIN'),
(2, 'ROLE_USER');

-- --------------------------------------------------------

--
-- Struktura tabeli dla tabeli `shop`
--

CREATE TABLE `shop` (
  `id` bigint(20) NOT NULL,
  `city` varchar(255) DEFAULT NULL,
  `name` varchar(255) DEFAULT NULL
) ENGINE=InnoDB DEFAULT CHARSET=utf8mb4 COLLATE=utf8mb4_general_ci;

--
-- Dumping data for table `shop`
--

INSERT INTO `shop` (`id`, `city`, `name`) VALUES
(1, 'Nowy Sącz', 'LIDL'),
(2, 'Nowy Sącz', 'BIEDRONKA'),
(3, 'Nowy Sącz', 'AUCHAN'),
(4, 'Nowy Sącz', 'CAREFOUR'),
(5, 'KRAKÓW', 'LIDL'),
(6, 'KRAKÓW', 'BIEDRONKA');

-- --------------------------------------------------------

--
-- Struktura tabeli dla tabeli `shopping_list`
--

CREATE TABLE `shopping_list` (
  `id` bigint(20) NOT NULL,
  `created_at` datetime(6) DEFAULT NULL,
  `list_name` varchar(255) NOT NULL,
  `shop_id` bigint(20) NOT NULL,
  `user_id` bigint(20) NOT NULL
) ENGINE=InnoDB DEFAULT CHARSET=utf8mb4 COLLATE=utf8mb4_general_ci;

--
-- Dumping data for table `shopping_list`
--

INSERT INTO `shopping_list` (`id`, `created_at`, `list_name`, `shop_id`, `user_id`) VALUES
(1, '2024-12-29 15:39:55.000000', 'testowa lista 1', 1, 2),
(2, '2024-12-12 21:37:44.000000', 'testowa biedronkowe', 2, 2),
(3, '2025-01-09 19:53:42.000000', 'Zakupy lidlowe', 5, 2),
(4, '2024-12-12 21:40:51.000000', 'krk1', 6, 3),
(5, '2024-12-27 16:45:14.000000', 'Grudniowa lista zakupów', 3, 2),
(6, '2024-12-27 16:58:27.000000', 'krk1', 3, 2),
(10, '2024-12-28 16:47:30.000000', 'Świąteczne zakupy ', 5, 2),
(11, '2025-01-09 13:05:52.000000', 'Zakupy na Święta', 2, 160),
(13, '2025-01-09 13:11:24.000000', 'poniedzialkowe zakupy', 1, 160),
(14, '2025-01-09 13:46:32.000000', 'wtorkowe zakupy', 3, 160),
(15, '2025-01-09 13:47:18.000000', 'zakupy na srode', 5, 160),
(16, '2025-01-09 17:45:19.000000', 'wtorek wtorek', 4, 3),
(17, '2025-01-09 18:06:18.000000', 'do kupienia', 1, 3),
(18, '2025-01-09 19:05:45.000000', 'czwartkowe zakupy ', 3, 161);

-- --------------------------------------------------------

--
-- Struktura tabeli dla tabeli `users`
--

CREATE TABLE `users` (
  `id` bigint(20) NOT NULL,
  `email` varchar(255) NOT NULL,
  `name` varchar(255) DEFAULT NULL,
  `password` varchar(255) NOT NULL
) ENGINE=InnoDB DEFAULT CHARSET=utf8mb4 COLLATE=utf8mb4_general_ci;

--
-- Dumping data for table `users`
--

INSERT INTO `users` (`id`, `email`, `name`, `password`) VALUES
(1, 'admin@gmail.com', 'ADMIN', '$2a$10$bYbrEoMdvkh/ToEXBbn6p.C0tiRBz/iqy4HZaG1/8gtif23VA4peK'),
(2, 'justyna@gmail.com', 'Justyna', '$2a$10$bYbrEoMdvkh/ToEXBbn6p.C0tiRBz/iqy4HZaG1/8gtif23VA4peK'),
(3, 'm@m.pl', 'Marek', '$2a$10$8GdOJOxJuIjvLTwRst/USuYHCf.qZK6zAy6HWjputrmnuygfzHilO'),
(160, 'janekjanek@gmail.com', 'Janek', '$2a$10$jn7lPKGI2JRFX82w0SHFgunyD1Y6RwJ2uCeQVHyNS0u.tbPGSPHW6'),
(161, 'Tomasz@gmail.com', 'Tomasz', '$2a$10$f76C8QVgpbGQ9n7RHYhq2eGxkcFcTdm7YZJtdgmBKZihVqHcEiVB.'),
(338, 'user2@gmail.com', NULL, '$2a$10$Rj7D061PePd8rYlv3E2veeSMWN5t2.qRYlnKLNtsDdEOdYxlGwRYK'),
(340, 'testuser@gmail.com', NULL, '$2a$10$xiPOTZhuPwJejjpBIF2Vz.4mELAVZqtye5mt6QjG6Csebi7wFzK8m'),
(341, 'user54@gmail.com', NULL, '$2a$10$pT.BXzdn26kaGeq8tpHs.eshmg7QOoROa7gCZvAoBK6OIqB52hA3.'),
(343, 'testuser2@gmail.com', NULL, '$2a$10$qzCYyOvvxdlZiIJflzl90.pgIEXcJjuXxqiBiNbBNGlEMdWbiVb0O'),
(345, '', NULL, '$2a$10$XAKZg.Z8RZeV.Muqk.mMEOgAyOMydVhAobN5CjFrxQIZPsrHL1bk6'),
(347, 'julka', NULL, '$2a$10$E59tlqwwJva2680EKe4WauWaw4sJjnACkFxxxsDrCbi3BPeRvkD/K'),
(349, 'julka@gmail.com', NULL, '$2a$10$KPUonZI3u.pxexq5E/vYHuBm6hmnRdIKZFtZZ1bLp0F1FGuSiP9EC'),
(351, 'antek@gmail.com', NULL, '$2a$10$BzLR1dmhdEo1r9ABEBzMK.AryT9PgEvUMASY2LHyG8WDhiq6CTe5a'),
(355, 'user3@gmail.com', NULL, '$2a$10$uo36tCOTqnPvXjjqzItJCePzOsxzmyT2jED1BmEJ0P.GLPIklZmdi'),
(357, 'marek@gmail.com', NULL, '$2a$10$gwWzkzX3BNvgl/Rk4WfGheno0T06fvZ5yUxKdSzcqJuJ1YBUhAFFK'),
(359, 'roksana@gmail.com', NULL, '$2a$10$5yGegTlg4R1G77Z0WKhpSelg6A3JneiIQ5ID0xMGqcL/jZjMdGuM6'),
(369, 'vv@vv.pl', NULL, '$2a$10$HhZsosQtLQF.hxdG0TsVwu/OnTXPbupIFWtCvL54kcI3vqcUD/XK6'),
(375, 'us@us.pl', NULL, '$2a$10$yNiRSTQa8/KitfM0NFs8uO2dbspJil4Ey0V8wMJNAHF4cAh.BWjYK');

-- --------------------------------------------------------

--
-- Struktura tabeli dla tabeli `users_roles`
--

CREATE TABLE `users_roles` (
  `user_id` bigint(20) NOT NULL,
  `role_id` bigint(20) NOT NULL
) ENGINE=InnoDB DEFAULT CHARSET=utf8mb4 COLLATE=utf8mb4_general_ci;

--
-- Dumping data for table `users_roles`
--

INSERT INTO `users_roles` (`user_id`, `role_id`) VALUES
(1, 1),
(2, 2),
(3, 1),
(3, 2),
(160, 2),
(161, 2),
(338, 2),
(340, 2),
(341, 2),
(343, 2),
(345, 2),
(347, 2),
(349, 2),
(351, 2),
(355, 2),
(357, 2),
(359, 2),
(369, 2),
(375, 2);

-- --------------------------------------------------------

--
-- Struktura tabeli dla tabeli `users_roles_backup`
--

CREATE TABLE `users_roles_backup` (
  `user_id` bigint(20) NOT NULL,
  `role_id` bigint(20) NOT NULL
) ENGINE=InnoDB DEFAULT CHARSET=utf8mb4 COLLATE=utf8mb4_general_ci;

--
-- Dumping data for table `users_roles_backup`
--

INSERT INTO `users_roles_backup` (`user_id`, `role_id`) VALUES
(3, 2),
(160, 2),
(161, 2);

--
-- Indeksy dla zrzutów tabel
--

--
-- Indeksy dla tabeli `product`
--
ALTER TABLE `product`
  ADD PRIMARY KEY (`product_id`);

--
-- Indeksy dla tabeli `purchase`
--
ALTER TABLE `purchase`
  ADD PRIMARY KEY (`id`),
  ADD KEY `FK3s4jktret4nl7m8yhfc8mfrn5` (`product_id`),
  ADD KEY `FK249w00mb1qjcuct04keocnsaj` (`shopping_list_id`);

--
-- Indeksy dla tabeli `roles`
--
ALTER TABLE `roles`
  ADD PRIMARY KEY (`id`),
  ADD UNIQUE KEY `UK_ofx66keruapi6vyqpv6f2or37` (`name`);

--
-- Indeksy dla tabeli `shop`
--
ALTER TABLE `shop`
  ADD PRIMARY KEY (`id`);

--
-- Indeksy dla tabeli `shopping_list`
--
ALTER TABLE `shopping_list`
  ADD PRIMARY KEY (`id`),
  ADD KEY `FKgb9ljrdj0vnf7e66wdcu57kq7` (`shop_id`),
  ADD KEY `FKhk61ln2s2kbmuwpf7y0ww67ks` (`user_id`);

--
-- Indeksy dla tabeli `users`
--
ALTER TABLE `users`
  ADD PRIMARY KEY (`id`),
  ADD UNIQUE KEY `UK_6dotkott2kjsp8vw4d0m25fb7` (`email`);

--
-- Indeksy dla tabeli `users_roles`
--
ALTER TABLE `users_roles`
  ADD UNIQUE KEY `unique_user_role` (`user_id`,`role_id`),
  ADD KEY `FKj6m8fwv7oqv74fcehir1a9ffy` (`role_id`);

--
-- AUTO_INCREMENT for dumped tables
--

--
-- AUTO_INCREMENT for table `product`
--
ALTER TABLE `product`
  MODIFY `product_id` bigint(20) NOT NULL AUTO_INCREMENT, AUTO_INCREMENT=12;

--
-- AUTO_INCREMENT for table `purchase`
--
ALTER TABLE `purchase`
  MODIFY `id` bigint(20) NOT NULL AUTO_INCREMENT, AUTO_INCREMENT=2650;

--
-- AUTO_INCREMENT for table `roles`
--
ALTER TABLE `roles`
  MODIFY `id` bigint(20) NOT NULL AUTO_INCREMENT, AUTO_INCREMENT=3;

--
-- AUTO_INCREMENT for table `shop`
--
ALTER TABLE `shop`
  MODIFY `id` bigint(20) NOT NULL AUTO_INCREMENT, AUTO_INCREMENT=7;

--
-- AUTO_INCREMENT for table `shopping_list`
--
ALTER TABLE `shopping_list`
  MODIFY `id` bigint(20) NOT NULL AUTO_INCREMENT, AUTO_INCREMENT=19;

--
-- AUTO_INCREMENT for table `users`
--
ALTER TABLE `users`
  MODIFY `id` bigint(20) NOT NULL AUTO_INCREMENT, AUTO_INCREMENT=377;

--
-- Constraints for dumped tables
--

--
-- Constraints for table `purchase`
--
ALTER TABLE `purchase`
  ADD CONSTRAINT `FK249w00mb1qjcuct04keocnsaj` FOREIGN KEY (`shopping_list_id`) REFERENCES `shopping_list` (`id`),
  ADD CONSTRAINT `FK3s4jktret4nl7m8yhfc8mfrn5` FOREIGN KEY (`product_id`) REFERENCES `product` (`product_id`);

--
-- Constraints for table `shopping_list`
--
ALTER TABLE `shopping_list`
  ADD CONSTRAINT `FKgb9ljrdj0vnf7e66wdcu57kq7` FOREIGN KEY (`shop_id`) REFERENCES `shop` (`id`),
  ADD CONSTRAINT `FKhk61ln2s2kbmuwpf7y0ww67ks` FOREIGN KEY (`user_id`) REFERENCES `users` (`id`);

--
-- Constraints for table `users_roles`
--
ALTER TABLE `users_roles`
  ADD CONSTRAINT `FK2o0jvgh89lemvvo17cbqvdxaa` FOREIGN KEY (`user_id`) REFERENCES `users` (`id`),
  ADD CONSTRAINT `FKj6m8fwv7oqv74fcehir1a9ffy` FOREIGN KEY (`role_id`) REFERENCES `roles` (`id`);
COMMIT;

/*!40101 SET CHARACTER_SET_CLIENT=@OLD_CHARACTER_SET_CLIENT */;
/*!40101 SET CHARACTER_SET_RESULTS=@OLD_CHARACTER_SET_RESULTS */;
/*!40101 SET COLLATION_CONNECTION=@OLD_COLLATION_CONNECTION */;
